{
"type": "FeatureCollection",
"name": "PolygonSample",
"crs": { "type": "name", "properties": { "name": "urn:ogc:def:crs:EPSG::6668" } },
"features": [
{ "type": "Feature", "properties": { "fid": 1, "S12_001": "小滝", "S12_001c": "001715", "S12_001g": "001715", "S12_002": "西日本旅客鉄道", "S12_003": "大糸線", "S12_004": 11, "S12_005": 2, "S12_006": 1, "S12_007": 1, "S12_008": null, "S12_009": 3, "S12_010": 1, "S12_011": 1, "S12_012": null, "S12_013": 4, "S12_014": 1, "S12_015": 1, "S12_016": null, "S12_017": 4, "S12_018": 1, "S12_019": 1, "S12_020": null, "S12_021": 4, "S12_022": 1, "S12_023": 1, "S12_024": null, "S12_025": 6, "S12_026": 1, "S12_027": 1, "S12_028": null, "S12_029": 6, "S12_030": 1, "S12_031": 1, "S12_032": null, "S12_033": 5, "S12_034": 1, "S12_035": 1, "S12_036": null, "S12_037": 4, "S12_038": 1, "S12_039": 1, "S12_040": null, "S12_041": 4, "S12_042": 1, "S12_043": 1, "S12_044": null, "S12_045": 4, "S12_046": 1, "S12_047": 1, "S12_048": null, "S12_049": 4, "乗客数増減_10年間": 1 }, "geometry": { "type": "MultiLineString", "coordinates": [ [ [ 137.85986, 36.93803 ], [ 137.85915, 36.93832 ] ] ] } },
{ "type": "Feature", "properties": { "fid": 2, "S12_001": "根知", "S12_001c": "001706", "S12_001g": "001706", "S12_002": "西日本旅客鉄道", "S12_003": "大糸線", "S12_004": 11, "S12_005": 2, "S12_006": 1, "S12_007": 1, "S12_008": null, "S12_009": 17, "S12_010": 1, "S12_011": 1, "S12_012": null, "S12_013": 27, "S12_014": 1, "S12_015": 1, "S12_016": null, "S12_017": 28, "S12_018": 1, "S12_019": 1, "S12_020": null, "S12_021": 22, "S12_022": 1, "S12_023": 1, "S12_024": null, "S12_025": 22, "S12_026": 1, "S12_027": 1, "S12_028": null, "S12_029": 12, "S12_030": 1, "S12_031": 1, "S12_032": null, "S12_033": 11, "S12_034": 1, "S12_035": 1, "S12_036": null, "S12_037": 8, "S12_038": 1, "S12_039": 1, "S12_040": null, "S12_041": 6, "S12_042": 1, "S12_043": 1, "S12_044": null, "S12_045": 2, "S12_046": 1, "S12_047": 1, "S12_048": null, "S12_049": 8, "乗客数増減_10年間": -9 }, "geometry": { "type": "MultiLineString", "coordinates": [ [ [ 137.86702, 36.96633 ], [ 137.86722, 36.96698 ] ] ] } },
{ "type": "Feature", "properties": { "fid": 3, "S12_001": "平岩", "S12_001c": "001734", "S12_001g": "001734", "S12_002": "西日本旅客鉄道", "S12_003": "大糸線", "S12_004": 11, "S12_005": 2, "S12_006": 1, "S12_007": 1, "S12_008": null, "S12_009": 12, "S12_010": 1, "S12_011": 1, "S12_012": null, "S12_013": 15, "S12_014": 1, "S12_015": 1, "S12_016": null, "S12_017": 11, "S12_018": 1, "S12_019": 1, "S12_020": null, "S12_021": 10, "S12_022": 1, "S12_023": 1, "S12_024": null, "S12_025": 16, "S12_026": 1, "S12_027": 1, "S12_028": null, "S12_029": 10, "S12_030": 1, "S12_031": 1, "S12_032": null, "S12_033": 7, "S12_034": 1, "S12_035": 1, "S12_036": null, "S12_037": 6, "S12_038": 1, "S12_039": 1, "S12_040": null, "S12_041": 4, "S12_042": 1, "S12_043": 1, "S12_044": null, "S12_045": 2, "S12_046": 1, "S12_047": 1, "S12_048": null, "S12_049": 4, "乗客数増減_10年間": -8 }, "geometry": { "type": "MultiLineString", "coordinates": [ [ [ 137.86539, 36.88722 ], [ 137.86586, 36.88653 ] ] ] } },
{ "type": "Feature", "properties": { "fid": 4, "S12_001": "姫川", "S12_001c": "001681", "S12_001g": "001681", "S12_002": "西日本旅客鉄道", "S12_003": "大糸線", "S12_004": 11, "S12_005": 2, "S12_006": 1, "S12_007": 1, "S12_008": null, "S12_009": 7, "S12_010": 1, "S12_011": 1, "S12_012": null, "S12_013": 7, "S12_014": 1, "S12_015": 1, "S12_016": null, "S12_017": 4, "S12_018": 1, "S12_019": 1, "S12_020": null, "S12_021": 4, "S12_022": 1, "S12_023": 1, "S12_024": null, "S12_025": 10, "S12_026": 1, "S12_027": 1, "S12_028": null, "S12_029": 6, "S12_030": 1, "S12_031": 1, "S12_032": null, "S12_033": 3, "S12_034": 1, "S12_035": 1, "S12_036": null, "S12_037": 6, "S12_038": 1, "S12_039": 1, "S12_040": null, "S12_041": 2, "S12_042": 1, "S12_043": 1, "S12_044": null, "S12_045": 2, "S12_046": 1, "S12_047": 1, "S12_048": null, "S12_049": 4, "乗客数増減_10年間": -3 }, "geometry": { "type": "MultiLineString", "coordinates": [ [ [ 137.86067, 37.02065 ], [ 137.86128, 37.02019 ] ] ] } },
{ "type": "Feature", "properties": { "fid": 5, "S12_001": "頸城大野", "S12_001c": "001686", "S12_001g": "001686", "S12_002": "西日本旅客鉄道", "S12_003": "大糸線", "S12_004": 11, "S12_005": 2, "S12_006": 1, "S12_007": 1, "S12_008": null, "S12_009": 23, "S12_010": 1, "S12_011": 1, "S12_012": null, "S12_013": 18, "S12_014": 1, "S12_015": 1, "S12_016": null, "S12_017": 12, "S12_018": 1, "S12_019": 1, "S12_020": null, "S12_021": 18, "S12_022": 1, "S12_023": 1, "S12_024": null, "S12_025": 20, "S12_026": 1, "S12_027": 1, "S12_028": null, "S12_029": 18, "S12_030": 1, "S12_031": 1, "S12_032": null, "S12_033": 29, "S12_034": 1, "S12_035": 1, "S12_036": null, "S12_037": 24, "S12_038": 1, "S12_039": 1, "S12_040": null, "S12_041": 26, "S12_042": 1, "S12_043": 1, "S12_044": null, "S12_045": 22, "S12_046": 1, "S12_047": 1, "S12_048": null, "S12_049": 16, "乗客数増減_10年間": -7 }, "geometry": { "type": "MultiLineString", "coordinates": [ [ [ 137.87266, 37.00581 ], [ 137.87232, 37.00651 ] ] ] } },
{ "type": "Feature", "properties": { "fid": 6, "S12_001": "糸魚川", "S12_001c": "001666", "S12_001g": "001666", "S12_002": "西日本旅客鉄道", "S12_003": "大糸線", "S12_004": 11, "S12_005": 2, "S12_006": 2, "S12_007": 1, "S12_008": null, "S12_009": 0, "S12_010": 2, "S12_011": 1, "S12_012": null, "S12_013": 0, "S12_014": 2, "S12_015": 1, "S12_016": null, "S12_017": 0, "S12_018": 2, "S12_019": 1, "S12_020": null, "S12_021": 0, "S12_022": 2, "S12_023": 1, "S12_024": null, "S12_025": 0, "S12_026": 2, "S12_027": 1, "S12_028": null, "S12_029": 0, "S12_030": 2, "S12_031": 1, "S12_032": null, "S12_033": 0, "S12_034": 2, "S12_035": 1, "S12_036": null, "S12_037": 0, "S12_038": 2, "S12_039": 1, "S12_040": null, "S12_041": 0, "S12_042": 2, "S12_043": 1, "S12_044": null, "S12_045": 0, "S12_046": 2, "S12_047": 1, "S12_048": null, "S12_049": 0, "乗客数増減_10年間": 0 }, "geometry": { "type": "MultiLineString", "coordinates": [ [ [ 137.86409, 37.04423 ], [ 137.86107, 37.04338 ] ] ] } },
{ "type": "Feature", "properties": { "fid": 7, "S12_001": "名立", "S12_001c": "001610", "S12_001g": "001610", "S12_002": "えちごトキめき鉄道", "S12_003": "日本海ひすいライン", "S12_004": 12, "S12_005": 5, "S12_006": 1, "S12_007": 1, "S12_008": null, "S12_009": 236, "S12_010": 1, "S12_011": 1, "S12_012": null, "S12_013": 217, "S12_014": 1, "S12_015": 1, "S12_016": null, "S12_017": 211, "S12_018": 1, "S12_019": 1, "S12_020": "事業社名変更", "S12_021": 211, "S12_022": 1, "S12_023": 1, "S12_024": null, "S12_025": 193, "S12_026": 1, "S12_027": 1, "S12_028": null, "S12_029": 204, "S12_030": 1, "S12_031": 1, "S12_032": null, "S12_033": 198, "S12_034": 1, "S12_035": 1, "S12_036": null, "S12_037": 180, "S12_038": 1, "S12_039": 1, "S12_040": null, "S12_041": 158, "S12_042": 1, "S12_043": 1, "S12_044": null, "S12_045": 164, "S12_046": 1, "S12_047": 1, "S12_048": null, "S12_049": 78, "乗客数増減_10年間": -158 }, "geometry": { "type": "MultiLineString", "coordinates": [ [ [ 138.09429, 37.15614 ], [ 138.09364, 37.15603 ], [ 138.09279, 37.15585 ], [ 138.09232, 37.15572 ], [ 138.09182, 37.15558 ], [ 138.09158, 37.15551 ], [ 138.09118, 37.15538 ], [ 138.09108, 37.15535 ] ] ] } },
{ "type": "Feature", "properties": { "fid": 8, "S12_001": "浦本", "S12_001c": "001652", "S12_001g": "001652", "S12_002": "えちごトキめき鉄道", "S12_003": "日本海ひすいライン", "S12_004": 12, "S12_005": 5, "S12_006": 1, "S12_007": 1, "S12_008": null, "S12_009": 11, "S12_010": 1, "S12_011": 1, "S12_012": null, "S12_013": 12, "S12_014": 1, "S12_015": 1, "S12_016": null, "S12_017": 18, "S12_018": 1, "S12_019": 1, "S12_020": "事業社名変更", "S12_021": 18, "S12_022": 1, "S12_023": 1, "S12_024": null, "S12_025": 25, "S12_026": 1, "S12_027": 1, "S12_028": null, "S12_029": 29, "S12_030": 1, "S12_031": 1, "S12_032": null, "S12_033": 22, "S12_034": 1, "S12_035": 1, "S12_036": null, "S12_037": 14, "S12_038": 1, "S12_039": 1, "S12_040": null, "S12_041": 16, "S12_042": 1, "S12_043": 1, "S12_044": null, "S12_045": 22, "S12_046": 1, "S12_047": 1, "S12_048": null, "S12_049": 9, "乗客数増減_10年間": -2 }, "geometry": { "type": "MultiLineString", "coordinates": [ [ [ 137.94014, 37.07448 ], [ 137.93989, 37.07423 ], [ 137.93945, 37.07385 ] ] ] } },
{ "type": "Feature", "properties": { "fid": 9, "S12_001": "筒石", "S12_001c": "001626", "S12_001g": "001626", "S12_002": "えちごトキめき鉄道", "S12_003": "日本海ひすいライン", "S12_004": 12, "S12_005": 5, "S12_006": 1, "S12_007": 1, "S12_008": null, "S12_009": 92, "S12_010": 1, "S12_011": 1, "S12_012": null, "S12_013": 83, "S12_014": 1, "S12_015": 1, "S12_016": null, "S12_017": 79, "S12_018": 1, "S12_019": 1, "S12_020": "事業社名変更", "S12_021": 79, "S12_022": 1, "S12_023": 1, "S12_024": null, "S12_025": 61, "S12_026": 1, "S12_027": 1, "S12_028": null, "S12_029": 57, "S12_030": 1, "S12_031": 1, "S12_032": null, "S12_033": 46, "S12_034": 1, "S12_035": 1, "S12_036": null, "S12_037": 38, "S12_038": 1, "S12_039": 1, "S12_040": null, "S12_041": 30, "S12_042": 1, "S12_043": 1, "S12_044": null, "S12_045": 31, "S12_046": 1, "S12_047": 1, "S12_048": null, "S12_049": 17, "乗客数増減_10年間": -75 }, "geometry": { "type": "MultiLineString", "coordinates": [ [ [ 138.05963, 37.12639 ], [ 138.06152, 37.12826 ] ] ] } },
{ "type": "Feature", "properties": { "fid": 10, "S12_001": "梶屋敷", "S12_001c": "001659", "S12_001g": "001659", "S12_002": "えちごトキめき鉄道", "S12_003": "日本海ひすいライン", "S12_004": 12, "S12_005": 5, "S12_006": 1, "S12_007": 1, "S12_008": null, "S12_009": 154, "S12_010": 1, "S12_011": 1, "S12_012": null, "S12_013": 141, "S12_014": 1, "S12_015": 1, "S12_016": null, "S12_017": 153, "S12_018": 1, "S12_019": 1, "S12_020": "事業社名変更", "S12_021": 153, "S12_022": 1, "S12_023": 1, "S12_024": null, "S12_025": 126, "S12_026": 1, "S12_027": 1, "S12_028": null, "S12_029": 118, "S12_030": 1, "S12_031": 1, "S12_032": null, "S12_033": 98, "S12_034": 1, "S12_035": 1, "S12_036": null, "S12_037": 90, "S12_038": 1, "S12_039": 1, "S12_040": null, "S12_041": 92, "S12_042": 1, "S12_043": 1, "S12_044": null, "S12_045": 116, "S12_046": 1, "S12_047": 1, "S12_048": null, "S12_049": 44, "乗客数増減_10年間": -110 }, "geometry": { "type": "MultiLineString", "coordinates": [ [ [ 137.90706, 37.05669 ], [ 137.90588, 37.05663 ], [ 137.9053, 37.05656 ], [ 137.9045, 37.05644 ] ] ] } },
{ "type": "Feature", "properties": { "fid": 11, "S12_001": "能生", "S12_001c": "001639", "S12_001g": "001639", "S12_002": "えちごトキめき鉄道", "S12_003": "日本海ひすいライン", "S12_004": 12, "S12_005": 5, "S12_006": 1, "S12_007": 1, "S12_008": null, "S12_009": 790, "S12_010": 1, "S12_011": 1, "S12_012": null, "S12_013": 823, "S12_014": 1, "S12_015": 1, "S12_016": null, "S12_017": 822, "S12_018": 1, "S12_019": 1, "S12_020": "事業社名変更", "S12_021": 822, "S12_022": 1, "S12_023": 1, "S12_024": null, "S12_025": 731, "S12_026": 1, "S12_027": 1, "S12_028": null, "S12_029": 736, "S12_030": 1, "S12_031": 1, "S12_032": null, "S12_033": 662, "S12_034": 1, "S12_035": 1, "S12_036": null, "S12_037": 650, "S12_038": 1, "S12_039": 1, "S12_040": null, "S12_041": 614, "S12_042": 1, "S12_043": 1, "S12_044": null, "S12_045": 507, "S12_046": 1, "S12_047": 1, "S12_048": null, "S12_049": 241, "乗客数増減_10年間": -549 }, "geometry": { "type": "MultiLineString", "coordinates": [ [ [ 137.9896, 37.09638 ], [ 137.98903, 37.09621 ], [ 137.98855, 37.09606 ], [ 137.98795, 37.09585 ], [ 137.98723, 37.09556 ] ] ] } },
{ "type": "Feature", "properties": { "fid": 12, "S12_001": "直江津", "S12_001c": "001602", "S12_001g": "001600", "S12_002": "えちごトキめき鉄道", "S12_003": "妙高はねうまライン", "S12_004": 12, "S12_005": 5, "S12_006": 2, "S12_007": 1, "S12_008": null, "S12_009": 0, "S12_010": 2, "S12_011": 1, "S12_012": null, "S12_013": 0, "S12_014": 2, "S12_015": 1, "S12_016": null, "S12_017": 0, "S12_018": 2, "S12_019": 1, "S12_020": "事業社名変更", "S12_021": 0, "S12_022": 2, "S12_023": 1, "S12_024": null, "S12_025": 0, "S12_026": 1, "S12_027": 1, "S12_028": null, "S12_029": 3163, "S12_030": 1, "S12_031": 1, "S12_032": null, "S12_033": 3028, "S12_034": 1, "S12_035": 1, "S12_036": null, "S12_037": 3074, "S12_038": 1, "S12_039": 1, "S12_040": null, "S12_041": 0, "S12_042": 1, "S12_043": 1, "S12_044": null, "S12_045": 0, "S12_046": 1, "S12_047": 1, "S12_048": "東日本旅客鉄道・信越線を含む", "S12_049": 1153, "乗客数増減_10年間": 1153 }, "geometry": { "type": "MultiLineString", "coordinates": [ [ [ 138.2436, 37.17106 ], [ 138.24239, 37.17035 ], [ 138.24128, 37.1697 ], [ 138.24087, 37.16945 ] ] ] } },
{ "type": "Feature", "properties": { "fid": 13, "S12_001": "谷浜", "S12_001c": "001606", "S12_001g": "001606", "S12_002": "えちごトキめき鉄道", "S12_003": "日本海ひすいライン", "S12_004": 12, "S12_005": 5, "S12_006": 1, "S12_007": 1, "S12_008": null, "S12_009": 51, "S12_010": 1, "S12_011": 1, "S12_012": null, "S12_013": 56, "S12_014": 1, "S12_015": 1, "S12_016": null, "S12_017": 61, "S12_018": 1, "S12_019": 1, "S12_020": "事業社名変更", "S12_021": 61, "S12_022": 1, "S12_023": 1, "S12_024": null, "S12_025": 61, "S12_026": 1, "S12_027": 1, "S12_028": null, "S12_029": 63, "S12_030": 1, "S12_031": 1, "S12_032": null, "S12_033": 42, "S12_034": 1, "S12_035": 1, "S12_036": null, "S12_037": 40, "S12_038": 1, "S12_039": 1, "S12_040": null, "S12_041": 34, "S12_042": 1, "S12_043": 1, "S12_044": null, "S12_045": 30, "S12_046": 1, "S12_047": 1, "S12_048": null, "S12_049": 15, "乗客数増減_10年間": -36 }, "geometry": { "type": "MultiLineString", "coordinates": [ [ [ 138.17286, 37.16212 ], [ 138.17497, 37.16266 ] ] ] } },
{ "type": "Feature", "properties": { "fid": 14, "S12_001": "有間川", "S12_001c": "001605", "S12_001g": "001605", "S12_002": "えちごトキめき鉄道", "S12_003": "日本海ひすいライン", "S12_004": 12, "S12_005": 5, "S12_006": 1, "S12_007": 1, "S12_008": null, "S12_009": 65, "S12_010": 1, "S12_011": 1, "S12_012": null, "S12_013": 68, "S12_014": 1, "S12_015": 1, "S12_016": null, "S12_017": 73, "S12_018": 1, "S12_019": 1, "S12_020": "事業社名変更", "S12_021": 73, "S12_022": 1, "S12_023": 1, "S12_024": null, "S12_025": 51, "S12_026": 1, "S12_027": 1, "S12_028": null, "S12_029": 37, "S12_030": 1, "S12_031": 1, "S12_032": null, "S12_033": 30, "S12_034": 1, "S12_035": 1, "S12_036": null, "S12_037": 22, "S12_038": 1, "S12_039": 1, "S12_040": null, "S12_041": 26, "S12_042": 1, "S12_043": 1, "S12_044": null, "S12_045": 33, "S12_046": 1, "S12_047": 1, "S12_048": null, "S12_049": 11, "乗客数増減_10年間": -54 }, "geometry": { "type": "MultiLineString", "coordinates": [ [ [ 138.13746, 37.16346 ], [ 138.13587, 37.16318 ] ] ] } },
{ "type": "Feature", "properties": { "fid": 15, "S12_001": "糸魚川", "S12_001c": "001667", "S12_001g": "001666", "S12_002": "えちごトキめき鉄道", "S12_003": "日本海ひすいライン", "S12_004": 12, "S12_005": 5, "S12_006": 1, "S12_007": 1, "S12_008": null, "S12_009": 1940, "S12_010": 1, "S12_011": 1, "S12_012": null, "S12_013": 1904, "S12_014": 1, "S12_015": 1, "S12_016": null, "S12_017": 1879, "S12_018": 1, "S12_019": 1, "S12_020": "事業社名変更", "S12_021": 1879, "S12_022": 1, "S12_023": 1, "S12_024": null, "S12_025": 1356, "S12_026": 1, "S12_027": 1, "S12_028": null, "S12_029": 1375, "S12_030": 1, "S12_031": 1, "S12_032": null, "S12_033": 1348, "S12_034": 1, "S12_035": 1, "S12_036": null, "S12_037": 1306, "S12_038": 1, "S12_039": 1, "S12_040": null, "S12_041": 1242, "S12_042": 1, "S12_043": 1, "S12_044": null, "S12_045": 1481, "S12_046": 1, "S12_047": 1, "S12_048": null, "S12_049": 436, "乗客数増減_10年間": -1504 }, "geometry": { "type": "MultiLineString", "coordinates": [ [ [ 137.86409, 37.04423 ], [ 137.86107, 37.04338 ] ] ] } },
{ "type": "Feature", "properties": { "fid": 16, "S12_001": "青海", "S12_001c": "001678", "S12_001g": "001678", "S12_002": "えちごトキめき鉄道", "S12_003": "日本海ひすいライン", "S12_004": 12, "S12_005": 5, "S12_006": 1, "S12_007": 1, "S12_008": null, "S12_009": 326, "S12_010": 1, "S12_011": 1, "S12_012": null, "S12_013": 338, "S12_014": 1, "S12_015": 1, "S12_016": null, "S12_017": 349, "S12_018": 1, "S12_019": 1, "S12_020": "改称", "S12_021": 349, "S12_022": 1, "S12_023": 1, "S12_024": null, "S12_025": 302, "S12_026": 1, "S12_027": 1, "S12_028": null, "S12_029": 295, "S12_030": 1, "S12_031": 1, "S12_032": null, "S12_033": 300, "S12_034": 1, "S12_035": 1, "S12_036": null, "S12_037": 274, "S12_038": 1, "S12_039": 1, "S12_040": null, "S12_041": 262, "S12_042": 1, "S12_043": 1, "S12_044": null, "S12_045": 229, "S12_046": 1, "S12_047": 1, "S12_048": null, "S12_049": 108, "乗客数増減_10年間": -218 }, "geometry": { "type": "MultiLineString", "coordinates": [ [ [ 137.79706, 37.02253 ], [ 137.79457, 37.02247 ] ] ] } },
{ "type": "Feature", "properties": { "fid": 17, "S12_001": "市振", "S12_001c": "001699", "S12_001g": "001698", "S12_002": "えちごトキめき鉄道", "S12_003": "日本海ひすいライン", "S12_004": 12, "S12_005": 5, "S12_006": 1, "S12_007": 1, "S12_008": null, "S12_009": 82, "S12_010": 1, "S12_011": 1, "S12_012": null, "S12_013": 88, "S12_014": 1, "S12_015": 1, "S12_016": null, "S12_017": 79, "S12_018": 1, "S12_019": 1, "S12_020": "事業社名変更", "S12_021": 79, "S12_022": 1, "S12_023": 1, "S12_024": null, "S12_025": 123, "S12_026": 1, "S12_027": 1, "S12_028": null, "S12_029": 109, "S12_030": 1, "S12_031": 1, "S12_032": null, "S12_033": 114, "S12_034": 1, "S12_035": 1, "S12_036": null, "S12_037": 86, "S12_038": 1, "S12_039": 1, "S12_040": null, "S12_041": 80, "S12_042": 1, "S12_043": 1, "S12_044": "あいの風とやま鉄道、あいの風とやま鉄道線を含む", "S12_045": 51, "S12_046": 1, "S12_047": 1, "S12_048": "あいの風とやま鉄道、あいの風とやま鉄道線を含む", "S12_049": 30, "乗客数増減_10年間": -52 }, "geometry": { "type": "MultiLineString", "coordinates": [ [ [ 137.64893, 36.98035 ], [ 137.65204, 36.98054 ] ] ] } },
{ "type": "Feature", "properties": { "fid": 18, "S12_001": "親不知", "S12_001c": "001685", "S12_001g": "001685", "S12_002": "えちごトキめき鉄道", "S12_003": "日本海ひすいライン", "S12_004": 12, "S12_005": 5, "S12_006": 1, "S12_007": 1, "S12_008": null, "S12_009": 69, "S12_010": 1, "S12_011": 1, "S12_012": null, "S12_013": 62, "S12_014": 1, "S12_015": 1, "S12_016": null, "S12_017": 62, "S12_018": 1, "S12_019": 1, "S12_020": "改称", "S12_021": 62, "S12_022": 1, "S12_023": 1, "S12_024": null, "S12_025": 48, "S12_026": 1, "S12_027": 1, "S12_028": null, "S12_029": 47, "S12_030": 1, "S12_031": 1, "S12_032": null, "S12_033": 36, "S12_034": 1, "S12_035": 1, "S12_036": null, "S12_037": 30, "S12_038": 1, "S12_039": 1, "S12_040": null, "S12_041": 26, "S12_042": 1, "S12_043": 1, "S12_044": null, "S12_045": 34, "S12_046": 1, "S12_047": 1, "S12_048": null, "S12_049": 10, "乗客数増減_10年間": -59 }, "geometry": { "type": "MultiLineString", "coordinates": [ [ [ 137.73743, 37.00667 ], [ 137.73863, 37.00703 ] ] ] } },
{ "type": "Feature", "properties": { "fid": 19, "S12_001": "月岡", "S12_001c": "001312", "S12_001g": "001312", "S12_002": "東日本旅客鉄道", "S12_003": "羽越線", "S12_004": 11, "S12_005": 2, "S12_006": 1, "S12_007": 3, "S12_008": null, "S12_009": 0, "S12_010": 1, "S12_011": 3, "S12_012": null, "S12_013": 0, "S12_014": 1, "S12_015": 3, "S12_016": null, "S12_017": 0, "S12_018": 1, "S12_019": 3, "S12_020": null, "S12_021": 0, "S12_022": 1, "S12_023": 3, "S12_024": null, "S12_025": 0, "S12_026": 1, "S12_027": 3, "S12_028": null, "S12_029": 0, "S12_030": 1, "S12_031": 3, "S12_032": null, "S12_033": 0, "S12_034": 1, "S12_035": 3, "S12_036": null, "S12_037": 0, "S12_038": 1, "S12_039": 2, "S12_040": null, "S12_041": 0, "S12_042": 1, "S12_043": 2, "S12_044": null, "S12_045": 0, "S12_046": 1, "S12_047": 2, "S12_048": null, "S12_049": 0, "乗客数増減_10年間": 0 }, "geometry": { "type": "MultiLineString", "coordinates": [ [ [ 139.27308, 37.8898 ], [ 139.27248, 37.88935 ], [ 139.27181, 37.88886 ] ] ] } },
{ "type": "Feature", "properties": { "fid": 20, "S12_001": "間島", "S12_001c": "001164", "S12_001g": "001164", "S12_002": "東日本旅客鉄道", "S12_003": "羽越線", "S12_004": 11, "S12_005": 2, "S12_006": 1, "S12_007": 3, "S12_008": null, "S12_009": 0, "S12_010": 1, "S12_011": 3, "S12_012": null, "S12_013": 0, "S12_014": 1, "S12_015": 3, "S12_016": null, "S12_017": 0, "S12_018": 1, "S12_019": 3, "S12_020": null, "S12_021": 0, "S12_022": 1, "S12_023": 3, "S12_024": null, "S12_025": 0, "S12_026": 1, "S12_027": 3, "S12_028": null, "S12_029": 0, "S12_030": 1, "S12_031": 3, "S12_032": null, "S12_033": 0, "S12_034": 1, "S12_035": 3, "S12_036": null, "S12_037": 0, "S12_038": 1, "S12_039": 2, "S12_040": null, "S12_041": 0, "S12_042": 1, "S12_043": 2, "S12_044": null, "S12_045": 0, "S12_046": 1, "S12_047": 2, "S12_048": null, "S12_049": 0, "乗客数増減_10年間": 0 }, "geometry": { "type": "MultiLineString", "coordinates": [ [ [ 139.45046, 38.27405 ], [ 139.45005, 38.27204 ] ] ] } },
{ "type": "Feature", "properties": { "fid": 21, "S12_001": "岩船町", "S12_001c": "001210", "S12_001g": "001210", "S12_002": "東日本旅客鉄道", "S12_003": "羽越線", "S12_004": 11, "S12_005": 2, "S12_006": 1, "S12_007": 3, "S12_008": null, "S12_009": 0, "S12_010": 1, "S12_011": 3, "S12_012": null, "S12_013": 0, "S12_014": 1, "S12_015": 3, "S12_016": null, "S12_017": 0, "S12_018": 1, "S12_019": 3, "S12_020": null, "S12_021": 0, "S12_022": 1, "S12_023": 3, "S12_024": null, "S12_025": 0, "S12_026": 1, "S12_027": 3, "S12_028": null, "S12_029": 0, "S12_030": 1, "S12_031": 3, "S12_032": null, "S12_033": 0, "S12_034": 1, "S12_035": 3, "S12_036": null, "S12_037": 0, "S12_038": 1, "S12_039": 2, "S12_040": null, "S12_041": 0, "S12_042": 1, "S12_043": 2, "S12_044": null, "S12_045": 0, "S12_046": 1, "S12_047": 2, "S12_048": null, "S12_049": 0, "乗客数増減_10年間": 0 }, "geometry": { "type": "MultiLineString", "coordinates": [ [ [ 139.45969, 38.18424 ], [ 139.45967, 38.18273 ] ] ] } },
{ "type": "Feature", "properties": { "fid": 22, "S12_001": "村上", "S12_001c": "001203", "S12_001g": "001203", "S12_002": "東日本旅客鉄道", "S12_003": "羽越線", "S12_004": 11, "S12_005": 2, "S12_006": 1, "S12_007": 1, "S12_008": null, "S12_009": 3694, "S12_010": 1, "S12_011": 1, "S12_012": null, "S12_013": 3594, "S12_014": 1, "S12_015": 1, "S12_016": null, "S12_017": 3612, "S12_018": 1, "S12_019": 1, "S12_020": null, "S12_021": 3722, "S12_022": 1, "S12_023": 1, "S12_024": null, "S12_025": 3426, "S12_026": 1, "S12_027": 1, "S12_028": null, "S12_029": 3368, "S12_030": 1, "S12_031": 1, "S12_032": null, "S12_033": 3368, "S12_034": 1, "S12_035": 1, "S12_036": null, "S12_037": 3194, "S12_038": 1, "S12_039": 1, "S12_040": null, "S12_041": 3194, "S12_042": 1, "S12_043": 1, "S12_044": null, "S12_045": 2366, "S12_046": 1, "S12_047": 1, "S12_048": null, "S12_049": 2256, "乗客数増減_10年間": -1438 }, "geometry": { "type": "MultiLineString", "coordinates": [ [ [ 139.46331, 38.22084 ], [ 139.46332, 38.21892 ] ] ] } },
{ "type": "Feature", "properties": { "fid": 23, "S12_001": "加治", "S12_001c": "001275", "S12_001g": "001275", "S12_002": "東日本旅客鉄道", "S12_003": "羽越線", "S12_004": 11, "S12_005": 2, "S12_006": 1, "S12_007": 3, "S12_008": null, "S12_009": 0, "S12_010": 1, "S12_011": 3, "S12_012": null, "S12_013": 0, "S12_014": 1, "S12_015": 3, "S12_016": null, "S12_017": 0, "S12_018": 1, "S12_019": 3, "S12_020": null, "S12_021": 0, "S12_022": 1, "S12_023": 3, "S12_024": null, "S12_025": 0, "S12_026": 1, "S12_027": 3, "S12_028": null, "S12_029": 0, "S12_030": 1, "S12_031": 3, "S12_032": null, "S12_033": 0, "S12_034": 1, "S12_035": 3, "S12_036": null, "S12_037": 0, "S12_038": 1, "S12_039": 2, "S12_040": null, "S12_041": 0, "S12_042": 1, "S12_043": 2, "S12_044": null, "S12_045": 0, "S12_046": 1, "S12_047": 2, "S12_048": null, "S12_049": 0, "乗客数増減_10年間": 0 }, "geometry": { "type": "MultiLineString", "coordinates": [ [ [ 139.35825, 37.97589 ], [ 139.35886, 37.97713 ] ] ] } },
{ "type": "Feature", "properties": { "fid": 24, "S12_001": "中浦", "S12_001c": "001299", "S12_001g": "001299", "S12_002": "東日本旅客鉄道", "S12_003": "羽越線", "S12_004": 11, "S12_005": 2, "S12_006": 1, "S12_007": 3, "S12_008": null, "S12_009": 0, "S12_010": 1, "S12_011": 3, "S12_012": null, "S12_013": 0, "S12_014": 1, "S12_015": 3, "S12_016": null, "S12_017": 0, "S12_018": 1, "S12_019": 3, "S12_020": null, "S12_021": 0, "S12_022": 1, "S12_023": 3, "S12_024": null, "S12_025": 0, "S12_026": 1, "S12_027": 3, "S12_028": null, "S12_029": 0, "S12_030": 1, "S12_031": 3, "S12_032": null, "S12_033": 0, "S12_034": 1, "S12_035": 3, "S12_036": null, "S12_037": 0, "S12_038": 1, "S12_039": 2, "S12_040": null, "S12_041": 0, "S12_042": 1, "S12_043": 2, "S12_044": null, "S12_045": 0, "S12_046": 1, "S12_047": 2, "S12_048": null, "S12_049": 0, "乗客数増減_10年間": 0 }, "geometry": { "type": "MultiLineString", "coordinates": [ [ [ 139.30311, 37.91246 ], [ 139.30309, 37.91245 ], [ 139.30266, 37.91212 ], [ 139.30219, 37.91176 ] ] ] } },
{ "type": "Feature", "properties": { "fid": 25, "S12_001": "平木田", "S12_001c": "001233", "S12_001g": "001233", "S12_002": "東日本旅客鉄道", "S12_003": "羽越線", "S12_004": 11, "S12_005": 2, "S12_006": 1, "S12_007": 3, "S12_008": null, "S12_009": 0, "S12_010": 1, "S12_011": 3, "S12_012": null, "S12_013": 0, "S12_014": 1, "S12_015": 3, "S12_016": null, "S12_017": 0, "S12_018": 1, "S12_019": 3, "S12_020": null, "S12_021": 0, "S12_022": 1, "S12_023": 3, "S12_024": null, "S12_025": 0, "S12_026": 1, "S12_027": 3, "S12_028": null, "S12_029": 0, "S12_030": 1, "S12_031": 3, "S12_032": null, "S12_033": 0, "S12_034": 1, "S12_035": 3, "S12_036": null, "S12_037": 0, "S12_038": 1, "S12_039": 2, "S12_040": null, "S12_041": 0, "S12_042": 1, "S12_043": 2, "S12_044": null, "S12_045": 0, "S12_046": 1, "S12_047": 2, "S12_048": null, "S12_049": 0, "乗客数増減_10年間": 0 }, "geometry": { "type": "MultiLineString", "coordinates": [ [ [ 139.42718, 38.09329 ], [ 139.42795, 38.09442 ], [ 139.42862, 38.09546 ] ] ] } },
{ "type": "Feature", "properties": { "fid": 26, "S12_001": "越後早川", "S12_001c": "001129", "S12_001g": "001129", "S12_002": "東日本旅客鉄道", "S12_003": "羽越線", "S12_004": 11, "S12_005": 2, "S12_006": 1, "S12_007": 3, "S12_008": null, "S12_009": 0, "S12_010": 1, "S12_011": 3, "S12_012": null, "S12_013": 0, "S12_014": 1, "S12_015": 3, "S12_016": null, "S12_017": 0, "S12_018": 1, "S12_019": 3, "S12_020": null, "S12_021": 0, "S12_022": 1, "S12_023": 3, "S12_024": null, "S12_025": 0, "S12_026": 1, "S12_027": 3, "S12_028": null, "S12_029": 0, "S12_030": 1, "S12_031": 3, "S12_032": null, "S12_033": 0, "S12_034": 1, "S12_035": 3, "S12_036": null, "S12_037": 0, "S12_038": 1, "S12_039": 2, "S12_040": null, "S12_041": 0, "S12_042": 1, "S12_043": 2, "S12_044": null, "S12_045": 0, "S12_046": 1, "S12_047": 2, "S12_048": null, "S12_049": 0, "乗客数増減_10年間": 0 }, "geometry": { "type": "MultiLineString", "coordinates": [ [ [ 139.44998, 38.31724 ], [ 139.44991, 38.31552 ] ] ] } },
{ "type": "Feature", "properties": { "fid": 27, "S12_001": "越後寒川", "S12_001c": "001076", "S12_001g": "001076", "S12_002": "東日本旅客鉄道", "S12_003": "羽越線", "S12_004": 11, "S12_005": 2, "S12_006": 1, "S12_007": 3, "S12_008": null, "S12_009": 0, "S12_010": 1, "S12_011": 3, "S12_012": null, "S12_013": 0, "S12_014": 1, "S12_015": 3, "S12_016": null, "S12_017": 0, "S12_018": 1, "S12_019": 3, "S12_020": null, "S12_021": 0, "S12_022": 1, "S12_023": 3, "S12_024": null, "S12_025": 0, "S12_026": 1, "S12_027": 3, "S12_028": null, "S12_029": 0, "S12_030": 1, "S12_031": 3, "S12_032": null, "S12_033": 0, "S12_034": 1, "S12_035": 3, "S12_036": null, "S12_037": 0, "S12_038": 1, "S12_039": 2, "S12_040": null, "S12_041": 0, "S12_042": 1, "S12_043": 2, "S12_044": null, "S12_045": 0, "S12_046": 1, "S12_047": 2, "S12_048": null, "S12_049": 0, "乗客数増減_10年間": 0 }, "geometry": { "type": "MultiLineString", "coordinates": [ [ [ 139.49081, 38.44946 ], [ 139.48929, 38.44807 ] ] ] } },
{ "type": "Feature", "properties": { "fid": 28, "S12_001": "金塚", "S12_001c": "001265", "S12_001g": "001265", "S12_002": "東日本旅客鉄道", "S12_003": "羽越線", "S12_004": 11, "S12_005": 2, "S12_006": 1, "S12_007": 3, "S12_008": null, "S12_009": 0, "S12_010": 1, "S12_011": 3, "S12_012": null, "S12_013": 0, "S12_014": 1, "S12_015": 3, "S12_016": null, "S12_017": 0, "S12_018": 1, "S12_019": 3, "S12_020": null, "S12_021": 0, "S12_022": 1, "S12_023": 3, "S12_024": null, "S12_025": 0, "S12_026": 1, "S12_027": 3, "S12_028": null, "S12_029": 0, "S12_030": 1, "S12_031": 3, "S12_032": null, "S12_033": 0, "S12_034": 1, "S12_035": 3, "S12_036": null, "S12_037": 0, "S12_038": 1, "S12_039": 2, "S12_040": null, "S12_041": 0, "S12_042": 1, "S12_043": 2, "S12_044": null, "S12_045": 0, "S12_046": 1, "S12_047": 2, "S12_048": null, "S12_049": 0, "乗客数増減_10年間": 0 }, "geometry": { "type": "MultiLineString", "coordinates": [ [ [ 139.37904, 38.01924 ], [ 139.38007, 38.02136 ] ] ] } },
{ "type": "Feature", "properties": { "fid": 29, "S12_001": "水原", "S12_001c": "001329", "S12_001g": "001329", "S12_002": "東日本旅客鉄道", "S12_003": "羽越線", "S12_004": 11, "S12_005": 2, "S12_006": 1, "S12_007": 1, "S12_008": null, "S12_009": 1814, "S12_010": 1, "S12_011": 1, "S12_012": null, "S12_013": 1772, "S12_014": 1, "S12_015": 1, "S12_016": null, "S12_017": 1760, "S12_018": 1, "S12_019": 1, "S12_020": null, "S12_021": 1726, "S12_022": 1, "S12_023": 1, "S12_024": null, "S12_025": 1630, "S12_026": 1, "S12_027": 1, "S12_028": null, "S12_029": 1610, "S12_030": 1, "S12_031": 1, "S12_032": null, "S12_033": 1618, "S12_034": 1, "S12_035": 1, "S12_036": null, "S12_037": 1534, "S12_038": 1, "S12_039": 1, "S12_040": null, "S12_041": 1534, "S12_042": 1, "S12_043": 1, "S12_044": null, "S12_045": 1400, "S12_046": 1, "S12_047": 2, "S12_048": null, "S12_049": 0, "乗客数増減_10年間": -1814 }, "geometry": { "type": "MultiLineString", "coordinates": [ [ [ 139.2179, 37.83707 ], [ 139.21748, 37.83678 ], [ 139.21683, 37.83631 ], [ 139.21656, 37.83608 ] ] ] } },
{ "type": "Feature", "properties": { "fid": 30, "S12_001": "神山", "S12_001c": "001320", "S12_001g": "001320", "S12_002": "東日本旅客鉄道", "S12_003": "羽越線", "S12_004": 11, "S12_005": 2, "S12_006": 1, "S12_007": 3, "S12_008": null, "S12_009": 0, "S12_010": 1, "S12_011": 3, "S12_012": null, "S12_013": 0, "S12_014": 1, "S12_015": 3, "S12_016": null, "S12_017": 0, "S12_018": 1, "S12_019": 3, "S12_020": null, "S12_021": 0, "S12_022": 1, "S12_023": 3, "S12_024": null, "S12_025": 0, "S12_026": 1, "S12_027": 3, "S12_028": null, "S12_029": 0, "S12_030": 1, "S12_031": 3, "S12_032": null, "S12_033": 0, "S12_034": 1, "S12_035": 3, "S12_036": null, "S12_037": 0, "S12_038": 1, "S12_039": 2, "S12_040": null, "S12_041": 0, "S12_042": 1, "S12_043": 2, "S12_044": null, "S12_045": 0, "S12_046": 1, "S12_047": 2, "S12_048": null, "S12_049": 0, "乗客数増減_10年間": 0 }, "geometry": { "type": "MultiLineString", "coordinates": [ [ [ 139.2455, 37.86361 ], [ 139.24419, 37.86213 ] ] ] } },
{ "type": "Feature", "properties": { "fid": 31, "S12_001": "今川", "S12_001c": "001094", "S12_001g": "001094", "S12_002": "東日本旅客鉄道", "S12_003": "羽越線", "S12_004": 11, "S12_005": 2, "S12_006": 1, "S12_007": 3, "S12_008": null, "S12_009": 0, "S12_010": 1, "S12_011": 3, "S12_012": null, "S12_013": 0, "S12_014": 1, "S12_015": 3, "S12_016": null, "S12_017": 0, "S12_018": 1, "S12_019": 3, "S12_020": null, "S12_021": 0, "S12_022": 1, "S12_023": 3, "S12_024": null, "S12_025": 0, "S12_026": 1, "S12_027": 3, "S12_028": null, "S12_029": 0, "S12_030": 1, "S12_031": 3, "S12_032": null, "S12_033": 0, "S12_034": 1, "S12_035": 3, "S12_036": null, "S12_037": 0, "S12_038": 1, "S12_039": 2, "S12_040": null, "S12_041": 0, "S12_042": 1, "S12_043": 2, "S12_044": null, "S12_045": 0, "S12_046": 1, "S12_047": 2, "S12_048": null, "S12_049": 0, "乗客数増減_10年間": 0 }, "geometry": { "type": "MultiLineString", "coordinates": [ [ [ 139.46854, 38.41048 ], [ 139.46822, 38.40981 ] ] ] } },
{ "type": "Feature", "properties": { "fid": 32, "S12_001": "平林", "S12_001c": "001219", "S12_001g": "001219", "S12_002": "東日本旅客鉄道", "S12_003": "羽越線", "S12_004": 11, "S12_005": 2, "S12_006": 1, "S12_007": 3, "S12_008": null, "S12_009": 0, "S12_010": 1, "S12_011": 3, "S12_012": null, "S12_013": 0, "S12_014": 1, "S12_015": 3, "S12_016": null, "S12_017": 0, "S12_018": 1, "S12_019": 3, "S12_020": null, "S12_021": 0, "S12_022": 1, "S12_023": 3, "S12_024": null, "S12_025": 0, "S12_026": 1, "S12_027": 3, "S12_028": null, "S12_029": 0, "S12_030": 1, "S12_031": 3, "S12_032": null, "S12_033": 0, "S12_034": 1, "S12_035": 3, "S12_036": null, "S12_037": 0, "S12_038": 1, "S12_039": 2, "S12_040": null, "S12_041": 0, "S12_042": 1, "S12_043": 2, "S12_044": null, "S12_045": 0, "S12_046": 1, "S12_047": 2, "S12_048": null, "S12_049": 0, "乗客数増減_10年間": 0 }, "geometry": { "type": "MultiLineString", "coordinates": [ [ [ 139.459, 38.14937 ], [ 139.45905, 38.15082 ] ] ] } },
{ "type": "Feature", "properties": { "fid": 33, "S12_001": "勝木", "S12_001c": "001070", "S12_001g": "001070", "S12_002": "東日本旅客鉄道", "S12_003": "羽越線", "S12_004": 11, "S12_005": 2, "S12_006": 1, "S12_007": 3, "S12_008": null, "S12_009": 0, "S12_010": 1, "S12_011": 3, "S12_012": null, "S12_013": 0, "S12_014": 1, "S12_015": 3, "S12_016": null, "S12_017": 0, "S12_018": 1, "S12_019": 3, "S12_020": null, "S12_021": 0, "S12_022": 1, "S12_023": 3, "S12_024": null, "S12_025": 0, "S12_026": 1, "S12_027": 3, "S12_028": null, "S12_029": 0, "S12_030": 1, "S12_031": 3, "S12_032": null, "S12_033": 0, "S12_034": 1, "S12_035": 3, "S12_036": null, "S12_037": 0, "S12_038": 1, "S12_039": 2, "S12_040": null, "S12_041": 0, "S12_042": 1, "S12_043": 2, "S12_044": null, "S12_045": 0, "S12_046": 1, "S12_047": 2, "S12_048": null, "S12_049": 0, "乗客数増減_10年間": 0 }, "geometry": { "type": "MultiLineString", "coordinates": [ [ [ 139.51765, 38.49091 ], [ 139.51729, 38.48963 ] ] ] } },
{ "type": "Feature", "properties": { "fid": 34, "S12_001": "京ヶ瀬", "S12_001c": "001336", "S12_001g": "001336", "S12_002": "東日本旅客鉄道", "S12_003": "羽越線", "S12_004": 11, "S12_005": 2, "S12_006": 1, "S12_007": 3, "S12_008": null, "S12_009": 0, "S12_010": 1, "S12_011": 3, "S12_012": null, "S12_013": 0, "S12_014": 1, "S12_015": 3, "S12_016": null, "S12_017": 0, "S12_018": 1, "S12_019": 3, "S12_020": null, "S12_021": 0, "S12_022": 1, "S12_023": 3, "S12_024": null, "S12_025": 0, "S12_026": 1, "S12_027": 3, "S12_028": null, "S12_029": 0, "S12_030": 1, "S12_031": 3, "S12_032": null, "S12_033": 0, "S12_034": 1, "S12_035": 3, "S12_036": null, "S12_037": 0, "S12_038": 1, "S12_039": 2, "S12_040": null, "S12_041": 0, "S12_042": 1, "S12_043": 2, "S12_044": null, "S12_045": 0, "S12_046": 1, "S12_047": 2, "S12_048": null, "S12_049": 0, "乗客数増減_10年間": 0 }, "geometry": { "type": "MultiLineString", "coordinates": [ [ [ 139.17923, 37.81784 ], [ 139.17772, 37.81741 ] ] ] } },
{ "type": "Feature", "properties": { "fid": 35, "S12_001": "府屋", "S12_001c": "001065", "S12_001g": "001065", "S12_002": "東日本旅客鉄道", "S12_003": "羽越線", "S12_004": 11, "S12_005": 2, "S12_006": 1, "S12_007": 1, "S12_008": null, "S12_009": 242, "S12_010": 1, "S12_011": 1, "S12_012": null, "S12_013": 236, "S12_014": 1, "S12_015": 1, "S12_016": null, "S12_017": 236, "S12_018": 1, "S12_019": 1, "S12_020": null, "S12_021": 220, "S12_022": 1, "S12_023": 1, "S12_024": null, "S12_025": 196, "S12_026": 1, "S12_027": 1, "S12_028": null, "S12_029": 192, "S12_030": 1, "S12_031": 1, "S12_032": null, "S12_033": 192, "S12_034": 1, "S12_035": 1, "S12_036": null, "S12_037": 172, "S12_038": 1, "S12_039": 1, "S12_040": null, "S12_041": 172, "S12_042": 1, "S12_043": 1, "S12_044": null, "S12_045": 112, "S12_046": 1, "S12_047": 2, "S12_048": null, "S12_049": 0, "乗客数増減_10年間": -242 }, "geometry": { "type": "MultiLineString", "coordinates": [ [ [ 139.53125, 38.51438 ], [ 139.53064, 38.51372 ], [ 139.53032, 38.51336 ], [ 139.52952, 38.51245 ] ] ] } },
{ "type": "Feature", "properties": { "fid": 36, "S12_001": "桑川", "S12_001c": "001111", "S12_001g": "001111", "S12_002": "東日本旅客鉄道", "S12_003": "羽越線", "S12_004": 11, "S12_005": 2, "S12_006": 1, "S12_007": 3, "S12_008": null, "S12_009": 0, "S12_010": 1, "S12_011": 3, "S12_012": null, "S12_013": 0, "S12_014": 1, "S12_015": 3, "S12_016": null, "S12_017": 0, "S12_018": 1, "S12_019": 3, "S12_020": null, "S12_021": 0, "S12_022": 1, "S12_023": 3, "S12_024": null, "S12_025": 0, "S12_026": 1, "S12_027": 3, "S12_028": null, "S12_029": 0, "S12_030": 1, "S12_031": 3, "S12_032": null, "S12_033": 0, "S12_034": 1, "S12_035": 3, "S12_036": null, "S12_037": 0, "S12_038": 1, "S12_039": 2, "S12_040": null, "S12_041": 0, "S12_042": 1, "S12_043": 2, "S12_044": null, "S12_045": 0, "S12_046": 1, "S12_047": 2, "S12_048": null, "S12_049": 0, "乗客数増減_10年間": 0 }, "geometry": { "type": "MultiLineString", "coordinates": [ [ [ 139.45916, 38.37599 ], [ 139.45843, 38.37437 ] ] ] } },
{ "type": "Feature", "properties": { "fid": 37, "S12_001": "中条", "S12_001c": "001254", "S12_001g": "001254", "S12_002": "東日本旅客鉄道", "S12_003": "羽越線", "S12_004": 11, "S12_005": 2, "S12_006": 1, "S12_007": 1, "S12_008": null, "S12_009": 2472, "S12_010": 1, "S12_011": 1, "S12_012": null, "S12_013": 2426, "S12_014": 1, "S12_015": 1, "S12_016": null, "S12_017": 2464, "S12_018": 1, "S12_019": 1, "S12_020": null, "S12_021": 2522, "S12_022": 1, "S12_023": 1, "S12_024": null, "S12_025": 2386, "S12_026": 1, "S12_027": 1, "S12_028": null, "S12_029": 2428, "S12_030": 1, "S12_031": 1, "S12_032": null, "S12_033": 2398, "S12_034": 1, "S12_035": 1, "S12_036": null, "S12_037": 2378, "S12_038": 1, "S12_039": 1, "S12_040": null, "S12_041": 2378, "S12_042": 1, "S12_043": 1, "S12_044": null, "S12_045": 1802, "S12_046": 1, "S12_047": 2, "S12_048": null, "S12_049": 0, "乗客数増減_10年間": -2472 }, "geometry": { "type": "MultiLineString", "coordinates": [ [ [ 139.39743, 38.04902 ], [ 139.39857, 38.05076 ] ] ] } },
{ "type": "Feature", "properties": { "fid": 38, "S12_001": "新津", "S12_001c": "001349", "S12_001g": "001349", "S12_002": "東日本旅客鉄道", "S12_003": "羽越線", "S12_004": 11, "S12_005": 2, "S12_006": 2, "S12_007": 1, "S12_008": null, "S12_009": 0, "S12_010": 2, "S12_011": 1, "S12_012": null, "S12_013": 0, "S12_014": 2, "S12_015": 1, "S12_016": null, "S12_017": 0, "S12_018": 2, "S12_019": 1, "S12_020": null, "S12_021": 0, "S12_022": 2, "S12_023": 1, "S12_024": null, "S12_025": 0, "S12_026": 2, "S12_027": 1, "S12_028": null, "S12_029": 0, "S12_030": 2, "S12_031": 1, "S12_032": null, "S12_033": 0, "S12_034": 2, "S12_035": 1, "S12_036": null, "S12_037": 0, "S12_038": 2, "S12_039": 1, "S12_040": null, "S12_041": 0, "S12_042": 2, "S12_043": 1, "S12_044": null, "S12_045": 0, "S12_046": 2, "S12_047": 1, "S12_048": null, "S12_049": 0, "乗客数増減_10年間": 0 }, "geometry": { "type": "MultiLineString", "coordinates": [ [ [ 139.12122, 37.79892 ], [ 139.1212, 37.80168 ] ] ] } },
{ "type": "Feature", "properties": { "fid": 39, "S12_001": "新発田", "S12_001c": "001281", "S12_001g": "001281", "S12_002": "東日本旅客鉄道", "S12_003": "羽越線", "S12_004": 11, "S12_005": 2, "S12_006": 1, "S12_007": 1, "S12_008": null, "S12_009": 7802, "S12_010": 1, "S12_011": 1, "S12_012": null, "S12_013": 7820, "S12_014": 1, "S12_015": 1, "S12_016": null, "S12_017": 7832, "S12_018": 1, "S12_019": 1, "S12_020": null, "S12_021": 7942, "S12_022": 1, "S12_023": 1, "S12_024": null, "S12_025": 7436, "S12_026": 1, "S12_027": 1, "S12_028": null, "S12_029": 7410, "S12_030": 1, "S12_031": 1, "S12_032": null, "S12_033": 7382, "S12_034": 1, "S12_035": 1, "S12_036": null, "S12_037": 7130, "S12_038": 1, "S12_039": 1, "S12_040": null, "S12_041": 7130, "S12_042": 1, "S12_043": 1, "S12_044": null, "S12_045": 6070, "S12_046": 1, "S12_047": 1, "S12_048": null, "S12_049": 5940, "乗客数増減_10年間": -1862 }, "geometry": { "type": "MultiLineString", "coordinates": [ [ [ 139.33427, 37.9431 ], [ 139.33468, 37.94354 ], [ 139.33598, 37.94492 ] ] ] } },
{ "type": "Feature", "properties": { "fid": 40, "S12_001": "坂町", "S12_001c": "001225", "S12_001g": "001225", "S12_002": "東日本旅客鉄道", "S12_003": "羽越線", "S12_004": 11, "S12_005": 2, "S12_006": 1, "S12_007": 1, "S12_008": null, "S12_009": 1580, "S12_010": 1, "S12_011": 1, "S12_012": null, "S12_013": 1536, "S12_014": 1, "S12_015": 1, "S12_016": null, "S12_017": 1536, "S12_018": 1, "S12_019": 1, "S12_020": null, "S12_021": 1586, "S12_022": 1, "S12_023": 1, "S12_024": null, "S12_025": 1480, "S12_026": 1, "S12_027": 1, "S12_028": null, "S12_029": 1468, "S12_030": 1, "S12_031": 1, "S12_032": null, "S12_033": 1456, "S12_034": 1, "S12_035": 1, "S12_036": null, "S12_037": 1414, "S12_038": 1, "S12_039": 1, "S12_040": null, "S12_041": 1414, "S12_042": 1, "S12_043": 1, "S12_044": null, "S12_045": 1028, "S12_046": 2, "S12_047": 1, "S12_048": null, "S12_049": 0, "乗客数増減_10年間": -1580 }, "geometry": { "type": "MultiLineString", "coordinates": [ [ [ 139.44475, 38.11798 ], [ 139.44581, 38.11927 ], [ 139.44695, 38.12061 ] ] ] } },
{ "type": "Feature", "properties": { "fid": 41, "S12_001": "柏崎", "S12_001c": "001523", "S12_001g": "001523", "S12_002": "東日本旅客鉄道", "S12_003": "越後線", "S12_004": 11, "S12_005": 2, "S12_006": 2, "S12_007": 1, "S12_008": null, "S12_009": 0, "S12_010": 2, "S12_011": 1, "S12_012": null, "S12_013": 0, "S12_014": 2, "S12_015": 1, "S12_016": null, "S12_017": 0, "S12_018": 2, "S12_019": 1, "S12_020": null, "S12_021": 0, "S12_022": 2, "S12_023": 1, "S12_024": null, "S12_025": 0, "S12_026": 2, "S12_027": 1, "S12_028": null, "S12_029": 0, "S12_030": 2, "S12_031": 1, "S12_032": null, "S12_033": 0, "S12_034": 2, "S12_035": 1, "S12_036": null, "S12_037": 0, "S12_038": 2, "S12_039": 1, "S12_040": null, "S12_041": 0, "S12_042": 2, "S12_043": 1, "S12_044": null, "S12_045": 0, "S12_046": 2, "S12_047": 1, "S12_048": null, "S12_049": 0, "乗客数増減_10年間": 0 }, "geometry": { "type": "MultiLineString", "coordinates": [ [ [ 138.5548, 37.36333 ], [ 138.55804, 37.36378 ] ] ] } },
{ "type": "Feature", "properties": { "fid": 42, "S12_001": "岩室", "S12_001c": "001383", "S12_001g": "001383", "S12_002": "東日本旅客鉄道", "S12_003": "越後線", "S12_004": 11, "S12_005": 2, "S12_006": 1, "S12_007": 3, "S12_008": null, "S12_009": 0, "S12_010": 1, "S12_011": 3, "S12_012": null, "S12_013": 0, "S12_014": 1, "S12_015": 3, "S12_016": null, "S12_017": 0, "S12_018": 1, "S12_019": 3, "S12_020": null, "S12_021": 0, "S12_022": 1, "S12_023": 3, "S12_024": null, "S12_025": 0, "S12_026": 1, "S12_027": 3, "S12_028": null, "S12_029": 0, "S12_030": 1, "S12_031": 3, "S12_032": null, "S12_033": 0, "S12_034": 1, "S12_035": 3, "S12_036": null, "S12_037": 0, "S12_038": 1, "S12_039": 2, "S12_040": null, "S12_041": 0, "S12_042": 1, "S12_043": 2, "S12_044": null, "S12_045": 0, "S12_046": 1, "S12_047": 2, "S12_048": null, "S12_049": 0, "乗客数増減_10年間": 0 }, "geometry": { "type": "MultiLineString", "coordinates": [ [ [ 138.88024, 37.72223 ], [ 138.87975, 37.72062 ] ] ] } },
{ "type": "Feature", "properties": { "fid": 43, "S12_001": "越後赤塚", "S12_001c": "001338", "S12_001g": "001338", "S12_002": "東日本旅客鉄道", "S12_003": "越後線", "S12_004": 11, "S12_005": 2, "S12_006": 1, "S12_007": 3, "S12_008": null, "S12_009": 0, "S12_010": 1, "S12_011": 3, "S12_012": null, "S12_013": 0, "S12_014": 1, "S12_015": 3, "S12_016": null, "S12_017": 0, "S12_018": 1, "S12_019": 3, "S12_020": null, "S12_021": 0, "S12_022": 1, "S12_023": 3, "S12_024": null, "S12_025": 0, "S12_026": 1, "S12_027": 3, "S12_028": null, "S12_029": 0, "S12_030": 1, "S12_031": 3, "S12_032": null, "S12_033": 0, "S12_034": 1, "S12_035": 3, "S12_036": null, "S12_037": 0, "S12_038": 1, "S12_039": 2, "S12_040": null, "S12_041": 0, "S12_042": 1, "S12_043": 2, "S12_044": null, "S12_045": 0, "S12_046": 1, "S12_047": 2, "S12_048": null, "S12_049": 0, "乗客数増減_10年間": 0 }, "geometry": { "type": "MultiLineString", "coordinates": [ [ [ 138.90874, 37.81678 ], [ 138.90761, 37.81522 ] ] ] } },
{ "type": "Feature", "properties": { "fid": 44, "S12_001": "分水", "S12_001c": "001414", "S12_001g": "001414", "S12_002": "東日本旅客鉄道", "S12_003": "越後線", "S12_004": 11, "S12_005": 2, "S12_006": 1, "S12_007": 1, "S12_008": null, "S12_009": 1220, "S12_010": 1, "S12_011": 1, "S12_012": null, "S12_013": 1254, "S12_014": 1, "S12_015": 1, "S12_016": null, "S12_017": 1256, "S12_018": 1, "S12_019": 1, "S12_020": null, "S12_021": 1280, "S12_022": 1, "S12_023": 1, "S12_024": null, "S12_025": 1092, "S12_026": 1, "S12_027": 1, "S12_028": null, "S12_029": 1104, "S12_030": 1, "S12_031": 1, "S12_032": null, "S12_033": 1044, "S12_034": 1, "S12_035": 1, "S12_036": null, "S12_037": 930, "S12_038": 1, "S12_039": 1, "S12_040": null, "S12_041": 930, "S12_042": 1, "S12_043": 1, "S12_044": null, "S12_045": 754, "S12_046": 1, "S12_047": 2, "S12_048": null, "S12_049": 0, "乗客数増減_10年間": -1220 }, "geometry": { "type": "MultiLineString", "coordinates": [ [ [ 138.84016, 37.62956 ], [ 138.83863, 37.62877 ] ] ] } },
{ "type": "Feature", "properties": { "fid": 45, "S12_001": "小島谷", "S12_001c": "001431", "S12_001g": "001431", "S12_002": "東日本旅客鉄道", "S12_003": "越後線", "S12_004": 11, "S12_005": 2, "S12_006": 1, "S12_007": 3, "S12_008": null, "S12_009": 0, "S12_010": 1, "S12_011": 3, "S12_012": null, "S12_013": 0, "S12_014": 1, "S12_015": 3, "S12_016": null, "S12_017": 0, "S12_018": 1, "S12_019": 3, "S12_020": null, "S12_021": 0, "S12_022": 1, "S12_023": 3, "S12_024": null, "S12_025": 0, "S12_026": 1, "S12_027": 3, "S12_028": null, "S12_029": 0, "S12_030": 1, "S12_031": 3, "S12_032": null, "S12_033": 0, "S12_034": 1, "S12_035": 3, "S12_036": null, "S12_037": 0, "S12_038": 1, "S12_039": 2, "S12_040": null, "S12_041": 0, "S12_042": 1, "S12_043": 2, "S12_044": null, "S12_045": 0, "S12_046": 1, "S12_047": 2, "S12_048": null, "S12_049": 0, "乗客数増減_10年間": 0 }, "geometry": { "type": "MultiLineString", "coordinates": [ [ [ 138.77198, 37.57463 ], [ 138.77071, 37.57449 ] ] ] } },
{ "type": "Feature", "properties": { "fid": 46, "S12_001": "東柏崎", "S12_001c": "001519", "S12_001g": "001519", "S12_002": "東日本旅客鉄道", "S12_003": "越後線", "S12_004": 11, "S12_005": 2, "S12_006": 1, "S12_007": 3, "S12_008": null, "S12_009": 0, "S12_010": 1, "S12_011": 3, "S12_012": null, "S12_013": 0, "S12_014": 1, "S12_015": 3, "S12_016": null, "S12_017": 0, "S12_018": 1, "S12_019": 3, "S12_020": null, "S12_021": 0, "S12_022": 1, "S12_023": 3, "S12_024": null, "S12_025": 0, "S12_026": 1, "S12_027": 3, "S12_028": null, "S12_029": 0, "S12_030": 1, "S12_031": 3, "S12_032": null, "S12_033": 0, "S12_034": 1, "S12_035": 3, "S12_036": null, "S12_037": 0, "S12_038": 1, "S12_039": 2, "S12_040": null, "S12_041": 0, "S12_042": 1, "S12_043": 2, "S12_044": null, "S12_045": 0, "S12_046": 1, "S12_047": 2, "S12_048": null, "S12_049": 0, "乗客数増減_10年間": 0 }, "geometry": { "type": "MultiLineString", "coordinates": [ [ [ 138.56635, 37.37478 ], [ 138.56612, 37.37449 ], [ 138.56594, 37.37423 ], [ 138.56575, 37.37384 ], [ 138.56541, 37.3729 ] ] ] } },
{ "type": "Feature", "properties": { "fid": 47, "S12_001": "白山", "S12_001c": "001301", "S12_001g": "001301", "S12_002": "東日本旅客鉄道", "S12_003": "越後線", "S12_004": 11, "S12_005": 2, "S12_006": 1, "S12_007": 1, "S12_008": null, "S12_009": 10726, "S12_010": 1, "S12_011": 1, "S12_012": null, "S12_013": 10294, "S12_014": 1, "S12_015": 1, "S12_016": null, "S12_017": 10224, "S12_018": 1, "S12_019": 1, "S12_020": null, "S12_021": 10742, "S12_022": 1, "S12_023": 1, "S12_024": null, "S12_025": 10482, "S12_026": 1, "S12_027": 1, "S12_028": null, "S12_029": 10874, "S12_030": 1, "S12_031": 1, "S12_032": null, "S12_033": 10832, "S12_034": 1, "S12_035": 1, "S12_036": null, "S12_037": 10668, "S12_038": 1, "S12_039": 1, "S12_040": null, "S12_041": 10668, "S12_042": 1, "S12_043": 1, "S12_044": null, "S12_045": 8684, "S12_046": 1, "S12_047": 1, "S12_048": null, "S12_049": 8510, "乗客数増減_10年間": -2216 }, "geometry": { "type": "MultiLineString", "coordinates": [ [ [ 139.03111, 37.9121 ], [ 139.03063, 37.91202 ], [ 139.03008, 37.91189 ], [ 139.02951, 37.91171 ], [ 139.0289, 37.91146 ] ] ] } },
{ "type": "Feature", "properties": { "fid": 48, "S12_001": "内野", "S12_001c": "001321", "S12_001g": "001321", "S12_002": "東日本旅客鉄道", "S12_003": "越後線", "S12_004": 11, "S12_005": 2, "S12_006": 1, "S12_007": 1, "S12_008": null, "S12_009": 5356, "S12_010": 1, "S12_011": 1, "S12_012": null, "S12_013": 5398, "S12_014": 1, "S12_015": 1, "S12_016": null, "S12_017": 5402, "S12_018": 1, "S12_019": 1, "S12_020": null, "S12_021": 5684, "S12_022": 1, "S12_023": 1, "S12_024": null, "S12_025": 5380, "S12_026": 1, "S12_027": 1, "S12_028": null, "S12_029": 5428, "S12_030": 1, "S12_031": 1, "S12_032": null, "S12_033": 5398, "S12_034": 1, "S12_035": 1, "S12_036": null, "S12_037": 5468, "S12_038": 1, "S12_039": 1, "S12_040": null, "S12_041": 5468, "S12_042": 1, "S12_043": 1, "S12_044": null, "S12_045": 3792, "S12_046": 1, "S12_047": 1, "S12_048": null, "S12_049": 3940, "乗客数増減_10年間": -1416 }, "geometry": { "type": "MultiLineString", "coordinates": [ [ [ 138.93758, 37.85896 ], [ 138.93731, 37.85877 ], [ 138.93697, 37.85855 ], [ 138.93567, 37.85767 ] ] ] } },
{ "type": "Feature", "properties": { "fid": 49, "S12_001": "刈羽", "S12_001c": "001495", "S12_001g": "001495", "S12_002": "東日本旅客鉄道", "S12_003": "越後線", "S12_004": 11, "S12_005": 2, "S12_006": 1, "S12_007": 3, "S12_008": null, "S12_009": 0, "S12_010": 1, "S12_011": 3, "S12_012": null, "S12_013": 0, "S12_014": 1, "S12_015": 3, "S12_016": null, "S12_017": 0, "S12_018": 1, "S12_019": 3, "S12_020": null, "S12_021": 0, "S12_022": 1, "S12_023": 3, "S12_024": null, "S12_025": 0, "S12_026": 1, "S12_027": 3, "S12_028": null, "S12_029": 0, "S12_030": 1, "S12_031": 3, "S12_032": null, "S12_033": 0, "S12_034": 1, "S12_035": 3, "S12_036": null, "S12_037": 0, "S12_038": 1, "S12_039": 2, "S12_040": null, "S12_041": 0, "S12_042": 1, "S12_043": 2, "S12_044": null, "S12_045": 0, "S12_046": 1, "S12_047": 2, "S12_048": null, "S12_049": 0, "乗客数増減_10年間": 0 }, "geometry": { "type": "MultiLineString", "coordinates": [ [ [ 138.61939, 37.42973 ], [ 138.61991, 37.43026 ] ] ] } },
{ "type": "Feature", "properties": { "fid": 50, "S12_001": "吉田", "S12_001c": "001395", "S12_001g": "001395", "S12_002": "東日本旅客鉄道", "S12_003": "越後線", "S12_004": 11, "S12_005": 2, "S12_006": 2, "S12_007": 1, "S12_008": null, "S12_009": 0, "S12_010": 2, "S12_011": 1, "S12_012": null, "S12_013": 0, "S12_014": 2, "S12_015": 1, "S12_016": null, "S12_017": 0, "S12_018": 2, "S12_019": 1, "S12_020": null, "S12_021": 0, "S12_022": 2, "S12_023": 1, "S12_024": null, "S12_025": 0, "S12_026": 2, "S12_027": 1, "S12_028": null, "S12_029": 0, "S12_030": 2, "S12_031": 1, "S12_032": null, "S12_033": 0, "S12_034": 2, "S12_035": 1, "S12_036": null, "S12_037": 0, "S12_038": 2, "S12_039": 1, "S12_040": null, "S12_041": 0, "S12_042": 2, "S12_043": 1, "S12_044": null, "S12_045": 0, "S12_046": 2, "S12_047": 1, "S12_048": null, "S12_049": 0, "乗客数増減_10年間": 0 }, "geometry": { "type": "MultiLineString", "coordinates": [ [ [ 138.87968, 37.6878 ], [ 138.87745, 37.68645 ] ] ] } },
{ "type": "Feature", "properties": { "fid": 51, "S12_001": "小木ノ城", "S12_001c": "001454", "S12_001g": "001454", "S12_002": "東日本旅客鉄道", "S12_003": "越後線", "S12_004": 11, "S12_005": 2, "S12_006": 1, "S12_007": 3, "S12_008": null, "S12_009": 0, "S12_010": 1, "S12_011": 3, "S12_012": null, "S12_013": 0, "S12_014": 1, "S12_015": 3, "S12_016": null, "S12_017": 0, "S12_018": 1, "S12_019": 3, "S12_020": null, "S12_021": 0, "S12_022": 1, "S12_023": 3, "S12_024": null, "S12_025": 0, "S12_026": 1, "S12_027": 3, "S12_028": null, "S12_029": 0, "S12_030": 1, "S12_031": 3, "S12_032": null, "S12_033": 0, "S12_034": 1, "S12_035": 3, "S12_036": null, "S12_037": 0, "S12_038": 1, "S12_039": 2, "S12_040": null, "S12_041": 0, "S12_042": 1, "S12_043": 2, "S12_044": null, "S12_045": 0, "S12_046": 1, "S12_047": 2, "S12_048": null, "S12_049": 0, "乗客数増減_10年間": 0 }, "geometry": { "type": "MultiLineString", "coordinates": [ [ [ 138.7039, 37.51528 ], [ 138.70436, 37.51579 ], [ 138.70439, 37.51582 ] ] ] } },
{ "type": "Feature", "properties": { "fid": 52, "S12_001": "新潟大学前", "S12_001c": "001318", "S12_001g": "001318", "S12_002": "東日本旅客鉄道", "S12_003": "越後線", "S12_004": 11, "S12_005": 2, "S12_006": 1, "S12_007": 1, "S12_008": null, "S12_009": 5748, "S12_010": 1, "S12_011": 1, "S12_012": null, "S12_013": 5576, "S12_014": 1, "S12_015": 1, "S12_016": null, "S12_017": 5578, "S12_018": 1, "S12_019": 1, "S12_020": null, "S12_021": 5924, "S12_022": 1, "S12_023": 1, "S12_024": null, "S12_025": 5864, "S12_026": 1, "S12_027": 1, "S12_028": null, "S12_029": 6160, "S12_030": 1, "S12_031": 1, "S12_032": null, "S12_033": 6214, "S12_034": 1, "S12_035": 1, "S12_036": null, "S12_037": 5982, "S12_038": 1, "S12_039": 1, "S12_040": null, "S12_041": 5982, "S12_042": 1, "S12_043": 1, "S12_044": null, "S12_045": 3958, "S12_046": 1, "S12_047": 2, "S12_048": null, "S12_049": 0, "乗客数増減_10年間": -5748 }, "geometry": { "type": "MultiLineString", "coordinates": [ [ [ 138.95524, 37.8696 ], [ 138.95391, 37.86877 ] ] ] } },
{ "type": "Feature", "properties": { "fid": 53, "S12_001": "西中通", "S12_001c": "001514", "S12_001g": "001514", "S12_002": "東日本旅客鉄道", "S12_003": "越後線", "S12_004": 11, "S12_005": 2, "S12_006": 1, "S12_007": 3, "S12_008": null, "S12_009": 0, "S12_010": 1, "S12_011": 3, "S12_012": null, "S12_013": 0, "S12_014": 1, "S12_015": 3, "S12_016": null, "S12_017": 0, "S12_018": 1, "S12_019": 3, "S12_020": null, "S12_021": 0, "S12_022": 1, "S12_023": 3, "S12_024": null, "S12_025": 0, "S12_026": 1, "S12_027": 3, "S12_028": null, "S12_029": 0, "S12_030": 1, "S12_031": 3, "S12_032": null, "S12_033": 0, "S12_034": 1, "S12_035": 3, "S12_036": null, "S12_037": 0, "S12_038": 1, "S12_039": 2, "S12_040": null, "S12_041": 0, "S12_042": 1, "S12_043": 2, "S12_044": null, "S12_045": 0, "S12_046": 1, "S12_047": 2, "S12_048": null, "S12_049": 0, "乗客数増減_10年間": 0 }, "geometry": { "type": "MultiLineString", "coordinates": [ [ [ 138.59372, 37.3928 ], [ 138.59193, 37.39229 ] ] ] } },
{ "type": "Feature", "properties": { "fid": 54, "S12_001": "巻", "S12_001c": "001368", "S12_001g": "001368", "S12_002": "東日本旅客鉄道", "S12_003": "越後線", "S12_004": 11, "S12_005": 2, "S12_006": 1, "S12_007": 1, "S12_008": null, "S12_009": 4798, "S12_010": 1, "S12_011": 1, "S12_012": null, "S12_013": 4920, "S12_014": 1, "S12_015": 1, "S12_016": null, "S12_017": 4810, "S12_018": 1, "S12_019": 1, "S12_020": null, "S12_021": 4946, "S12_022": 1, "S12_023": 1, "S12_024": null, "S12_025": 4650, "S12_026": 1, "S12_027": 1, "S12_028": null, "S12_029": 4942, "S12_030": 1, "S12_031": 1, "S12_032": null, "S12_033": 4854, "S12_034": 1, "S12_035": 1, "S12_036": null, "S12_037": 4682, "S12_038": 1, "S12_039": 1, "S12_040": null, "S12_041": 4682, "S12_042": 1, "S12_043": 1, "S12_044": null, "S12_045": 4036, "S12_046": 1, "S12_047": 2, "S12_048": null, "S12_049": 0, "乗客数増減_10年間": -4798 }, "geometry": { "type": "MultiLineString", "coordinates": [ [ [ 138.88998, 37.75803 ], [ 138.88921, 37.75594 ] ] ] } },
{ "type": "Feature", "properties": { "fid": 55, "S12_001": "妙法寺", "S12_001c": "001435", "S12_001g": "001435", "S12_002": "東日本旅客鉄道", "S12_003": "越後線", "S12_004": 11, "S12_005": 2, "S12_006": 1, "S12_007": 3, "S12_008": null, "S12_009": 0, "S12_010": 1, "S12_011": 3, "S12_012": null, "S12_013": 0, "S12_014": 1, "S12_015": 3, "S12_016": null, "S12_017": 0, "S12_018": 1, "S12_019": 3, "S12_020": null, "S12_021": 0, "S12_022": 1, "S12_023": 3, "S12_024": null, "S12_025": 0, "S12_026": 1, "S12_027": 3, "S12_028": null, "S12_029": 0, "S12_030": 1, "S12_031": 3, "S12_032": null, "S12_033": 0, "S12_034": 1, "S12_035": 3, "S12_036": null, "S12_037": 0, "S12_038": 1, "S12_039": 2, "S12_040": null, "S12_041": 0, "S12_042": 1, "S12_043": 2, "S12_044": null, "S12_045": 0, "S12_046": 1, "S12_047": 2, "S12_048": null, "S12_049": 0, "乗客数増減_10年間": 0 }, "geometry": { "type": "MultiLineString", "coordinates": [ [ [ 138.74179, 37.56607 ], [ 138.74243, 37.56682 ] ] ] } },
{ "type": "Feature", "properties": { "fid": 56, "S12_001": "青山", "S12_001c": "001307", "S12_001g": "001307", "S12_002": "東日本旅客鉄道", "S12_003": "越後線", "S12_004": 11, "S12_005": 2, "S12_006": 1, "S12_007": 1, "S12_008": null, "S12_009": 2014, "S12_010": 1, "S12_011": 1, "S12_012": null, "S12_013": 2014, "S12_014": 1, "S12_015": 1, "S12_016": null, "S12_017": 1916, "S12_018": 1, "S12_019": 1, "S12_020": null, "S12_021": 2352, "S12_022": 1, "S12_023": 1, "S12_024": null, "S12_025": 2244, "S12_026": 1, "S12_027": 1, "S12_028": null, "S12_029": 2224, "S12_030": 1, "S12_031": 1, "S12_032": null, "S12_033": 2198, "S12_034": 1, "S12_035": 1, "S12_036": null, "S12_037": 2064, "S12_038": 1, "S12_039": 1, "S12_040": null, "S12_041": 2064, "S12_042": 1, "S12_043": 1, "S12_044": null, "S12_045": 1676, "S12_046": 1, "S12_047": 2, "S12_048": null, "S12_049": 0, "乗客数増減_10年間": -2014 }, "geometry": { "type": "MultiLineString", "coordinates": [ [ [ 139.00172, 37.89881 ], [ 139.00104, 37.89866 ], [ 139.00076, 37.89857 ], [ 138.99998, 37.89824 ] ] ] } },
{ "type": "Feature", "properties": { "fid": 57, "S12_001": "越後曽根", "S12_001c": "001356", "S12_001g": "001356", "S12_002": "東日本旅客鉄道", "S12_003": "越後線", "S12_004": 11, "S12_005": 2, "S12_006": 1, "S12_007": 1, "S12_008": null, "S12_009": 2414, "S12_010": 1, "S12_011": 1, "S12_012": null, "S12_013": 2484, "S12_014": 1, "S12_015": 1, "S12_016": null, "S12_017": 2500, "S12_018": 1, "S12_019": 1, "S12_020": null, "S12_021": 2460, "S12_022": 1, "S12_023": 1, "S12_024": null, "S12_025": 2116, "S12_026": 1, "S12_027": 1, "S12_028": null, "S12_029": 2014, "S12_030": 1, "S12_031": 1, "S12_032": null, "S12_033": 1896, "S12_034": 1, "S12_035": 1, "S12_036": null, "S12_037": 1742, "S12_038": 1, "S12_039": 1, "S12_040": null, "S12_041": 1742, "S12_042": 1, "S12_043": 1, "S12_044": null, "S12_045": 1374, "S12_046": 1, "S12_047": 2, "S12_048": null, "S12_049": 0, "乗客数増減_10年間": -2414 }, "geometry": { "type": "MultiLineString", "coordinates": [ [ [ 138.91101, 37.79391 ], [ 138.91118, 37.79308 ] ] ] } },
{ "type": "Feature", "properties": { "fid": 58, "S12_001": "北吉田", "S12_001c": "001389", "S12_001g": "001389", "S12_002": "東日本旅客鉄道", "S12_003": "越後線", "S12_004": 11, "S12_005": 2, "S12_006": 1, "S12_007": 3, "S12_008": null, "S12_009": 0, "S12_010": 1, "S12_011": 3, "S12_012": null, "S12_013": 0, "S12_014": 1, "S12_015": 3, "S12_016": null, "S12_017": 0, "S12_018": 1, "S12_019": 3, "S12_020": null, "S12_021": 0, "S12_022": 1, "S12_023": 3, "S12_024": null, "S12_025": 0, "S12_026": 1, "S12_027": 3, "S12_028": null, "S12_029": 0, "S12_030": 1, "S12_031": 3, "S12_032": null, "S12_033": 0, "S12_034": 1, "S12_035": 3, "S12_036": null, "S12_037": 0, "S12_038": 1, "S12_039": 2, "S12_040": null, "S12_041": 0, "S12_042": 1, "S12_043": 2, "S12_044": null, "S12_045": 0, "S12_046": 1, "S12_047": 2, "S12_048": null, "S12_049": 0, "乗客数増減_10年間": 0 }, "geometry": { "type": "MultiLineString", "coordinates": [ [ [ 138.88213, 37.70255 ], [ 138.88231, 37.70146 ] ] ] } },
{ "type": "Feature", "properties": { "fid": 59, "S12_001": "西山", "S12_001c": "001488", "S12_001g": "001488", "S12_002": "東日本旅客鉄道", "S12_003": "越後線", "S12_004": 11, "S12_005": 2, "S12_006": 1, "S12_007": 3, "S12_008": null, "S12_009": 0, "S12_010": 1, "S12_011": 3, "S12_012": null, "S12_013": 0, "S12_014": 1, "S12_015": 3, "S12_016": null, "S12_017": 0, "S12_018": 1, "S12_019": 3, "S12_020": null, "S12_021": 0, "S12_022": 1, "S12_023": 3, "S12_024": null, "S12_025": 0, "S12_026": 1, "S12_027": 3, "S12_028": null, "S12_029": 0, "S12_030": 1, "S12_031": 3, "S12_032": null, "S12_033": 0, "S12_034": 1, "S12_035": 3, "S12_036": null, "S12_037": 0, "S12_038": 1, "S12_039": 2, "S12_040": null, "S12_041": 0, "S12_042": 1, "S12_043": 2, "S12_044": null, "S12_045": 0, "S12_046": 1, "S12_047": 2, "S12_048": null, "S12_049": 0, "乗客数増減_10年間": 0 }, "geometry": { "type": "MultiLineString", "coordinates": [ [ [ 138.6427, 37.44867 ], [ 138.64095, 37.44786 ] ] ] } },
{ "type": "Feature", "properties": { "fid": 60, "S12_001": "関屋", "S12_001c": "001306", "S12_001g": "001306", "S12_002": "東日本旅客鉄道", "S12_003": "越後線", "S12_004": 11, "S12_005": 2, "S12_006": 1, "S12_007": 1, "S12_008": null, "S12_009": 3608, "S12_010": 1, "S12_011": 1, "S12_012": null, "S12_013": 3752, "S12_014": 1, "S12_015": 1, "S12_016": null, "S12_017": 3914, "S12_018": 1, "S12_019": 1, "S12_020": null, "S12_021": 4066, "S12_022": 1, "S12_023": 1, "S12_024": null, "S12_025": 3836, "S12_026": 1, "S12_027": 1, "S12_028": null, "S12_029": 3876, "S12_030": 1, "S12_031": 1, "S12_032": null, "S12_033": 3910, "S12_034": 1, "S12_035": 1, "S12_036": null, "S12_037": 3762, "S12_038": 1, "S12_039": 1, "S12_040": null, "S12_041": 3762, "S12_042": 1, "S12_043": 1, "S12_044": null, "S12_045": 3206, "S12_046": 1, "S12_047": 2, "S12_048": null, "S12_049": 0, "乗客数増減_10年間": -3608 }, "geometry": { "type": "MultiLineString", "coordinates": [ [ [ 139.01608, 37.90674 ], [ 139.01423, 37.90553 ] ] ] } },
{ "type": "Feature", "properties": { "fid": 61, "S12_001": "礼拝", "S12_001c": "001482", "S12_001g": "001482", "S12_002": "東日本旅客鉄道", "S12_003": "越後線", "S12_004": 11, "S12_005": 2, "S12_006": 1, "S12_007": 3, "S12_008": null, "S12_009": 0, "S12_010": 1, "S12_011": 3, "S12_012": null, "S12_013": 0, "S12_014": 1, "S12_015": 3, "S12_016": null, "S12_017": 0, "S12_018": 1, "S12_019": 3, "S12_020": null, "S12_021": 0, "S12_022": 1, "S12_023": 3, "S12_024": null, "S12_025": 0, "S12_026": 1, "S12_027": 3, "S12_028": null, "S12_029": 0, "S12_030": 1, "S12_031": 3, "S12_032": null, "S12_033": 0, "S12_034": 1, "S12_035": 3, "S12_036": null, "S12_037": 0, "S12_038": 1, "S12_039": 2, "S12_040": null, "S12_041": 0, "S12_042": 1, "S12_043": 2, "S12_044": null, "S12_045": 0, "S12_046": 1, "S12_047": 2, "S12_048": null, "S12_049": 0, "乗客数増減_10年間": 0 }, "geometry": { "type": "MultiLineString", "coordinates": [ [ [ 138.66456, 37.45951 ], [ 138.66256, 37.45849 ] ] ] } },
{ "type": "Feature", "properties": { "fid": 62, "S12_001": "寺尾", "S12_001c": "001314", "S12_001g": "001314", "S12_002": "東日本旅客鉄道", "S12_003": "越後線", "S12_004": 11, "S12_005": 2, "S12_006": 1, "S12_007": 1, "S12_008": null, "S12_009": 4338, "S12_010": 1, "S12_011": 1, "S12_012": null, "S12_013": 4292, "S12_014": 1, "S12_015": 1, "S12_016": null, "S12_017": 4342, "S12_018": 1, "S12_019": 1, "S12_020": null, "S12_021": 4454, "S12_022": 1, "S12_023": 1, "S12_024": null, "S12_025": 4250, "S12_026": 1, "S12_027": 1, "S12_028": null, "S12_029": 4374, "S12_030": 1, "S12_031": 1, "S12_032": null, "S12_033": 4342, "S12_034": 1, "S12_035": 1, "S12_036": null, "S12_037": 4192, "S12_038": 1, "S12_039": 1, "S12_040": null, "S12_041": 4192, "S12_042": 1, "S12_043": 1, "S12_044": null, "S12_045": 3436, "S12_046": 1, "S12_047": 2, "S12_048": null, "S12_049": 0, "乗客数増減_10年間": -4338 }, "geometry": { "type": "MultiLineString", "coordinates": [ [ [ 138.97464, 37.87959 ], [ 138.97458, 37.87956 ], [ 138.97263, 37.87844 ] ] ] } },
{ "type": "Feature", "properties": { "fid": 63, "S12_001": "内野西が丘", "S12_001c": "001324", "S12_001g": "001324", "S12_002": "東日本旅客鉄道", "S12_003": "越後線", "S12_004": 11, "S12_005": 2, "S12_006": 1, "S12_007": 3, "S12_008": null, "S12_009": 0, "S12_010": 1, "S12_011": 3, "S12_012": null, "S12_013": 0, "S12_014": 1, "S12_015": 3, "S12_016": null, "S12_017": 0, "S12_018": 1, "S12_019": 3, "S12_020": null, "S12_021": 0, "S12_022": 1, "S12_023": 3, "S12_024": null, "S12_025": 0, "S12_026": 1, "S12_027": 3, "S12_028": null, "S12_029": 0, "S12_030": 1, "S12_031": 3, "S12_032": null, "S12_033": 0, "S12_034": 1, "S12_035": 3, "S12_036": null, "S12_037": 0, "S12_038": 1, "S12_039": 2, "S12_040": null, "S12_041": 0, "S12_042": 1, "S12_043": 2, "S12_044": null, "S12_045": 0, "S12_046": 1, "S12_047": 2, "S12_048": null, "S12_049": 0, "乗客数増減_10年間": 0 }, "geometry": { "type": "MultiLineString", "coordinates": [ [ [ 138.92694, 37.84661 ], [ 138.92651, 37.84567 ] ] ] } },
{ "type": "Feature", "properties": { "fid": 64, "S12_001": "荒浜", "S12_001c": "001503", "S12_001g": "001503", "S12_002": "東日本旅客鉄道", "S12_003": "越後線", "S12_004": 11, "S12_005": 2, "S12_006": 1, "S12_007": 3, "S12_008": null, "S12_009": 0, "S12_010": 1, "S12_011": 3, "S12_012": null, "S12_013": 0, "S12_014": 1, "S12_015": 3, "S12_016": null, "S12_017": 0, "S12_018": 1, "S12_019": 3, "S12_020": null, "S12_021": 0, "S12_022": 1, "S12_023": 3, "S12_024": null, "S12_025": 0, "S12_026": 1, "S12_027": 3, "S12_028": null, "S12_029": 0, "S12_030": 1, "S12_031": 3, "S12_032": null, "S12_033": 0, "S12_034": 1, "S12_035": 3, "S12_036": null, "S12_037": 0, "S12_038": 1, "S12_039": 2, "S12_040": null, "S12_041": 0, "S12_042": 1, "S12_043": 2, "S12_044": null, "S12_045": 0, "S12_046": 1, "S12_047": 2, "S12_048": null, "S12_049": 0, "乗客数増減_10年間": 0 }, "geometry": { "type": "MultiLineString", "coordinates": [ [ [ 138.60208, 37.40541 ], [ 138.60182, 37.40405 ] ] ] } },
{ "type": "Feature", "properties": { "fid": 65, "S12_001": "小針", "S12_001c": "001311", "S12_001g": "001311", "S12_002": "東日本旅客鉄道", "S12_003": "越後線", "S12_004": 11, "S12_005": 2, "S12_006": 1, "S12_007": 1, "S12_008": null, "S12_009": 4676, "S12_010": 1, "S12_011": 1, "S12_012": null, "S12_013": 4676, "S12_014": 1, "S12_015": 1, "S12_016": null, "S12_017": 4900, "S12_018": 1, "S12_019": 1, "S12_020": null, "S12_021": 5106, "S12_022": 1, "S12_023": 1, "S12_024": null, "S12_025": 5080, "S12_026": 1, "S12_027": 1, "S12_028": null, "S12_029": 5284, "S12_030": 1, "S12_031": 1, "S12_032": null, "S12_033": 5302, "S12_034": 1, "S12_035": 1, "S12_036": null, "S12_037": 5188, "S12_038": 1, "S12_039": 1, "S12_040": null, "S12_041": 5188, "S12_042": 1, "S12_043": 1, "S12_044": null, "S12_045": 4074, "S12_046": 1, "S12_047": 2, "S12_048": null, "S12_049": 0, "乗客数増減_10年間": -4676 }, "geometry": { "type": "MultiLineString", "coordinates": [ [ [ 138.99162, 37.89004 ], [ 138.99063, 37.88896 ] ] ] } },
{ "type": "Feature", "properties": { "fid": 66, "S12_001": "粟生津", "S12_001c": "001404", "S12_001g": "001404", "S12_002": "東日本旅客鉄道", "S12_003": "越後線", "S12_004": 11, "S12_005": 2, "S12_006": 1, "S12_007": 3, "S12_008": null, "S12_009": 0, "S12_010": 1, "S12_011": 3, "S12_012": null, "S12_013": 0, "S12_014": 1, "S12_015": 3, "S12_016": null, "S12_017": 0, "S12_018": 1, "S12_019": 3, "S12_020": null, "S12_021": 0, "S12_022": 1, "S12_023": 3, "S12_024": null, "S12_025": 0, "S12_026": 1, "S12_027": 3, "S12_028": null, "S12_029": 0, "S12_030": 1, "S12_031": 3, "S12_032": null, "S12_033": 0, "S12_034": 1, "S12_035": 3, "S12_036": null, "S12_037": 0, "S12_038": 1, "S12_039": 2, "S12_040": null, "S12_041": 0, "S12_042": 1, "S12_043": 2, "S12_044": null, "S12_045": 0, "S12_046": 1, "S12_047": 2, "S12_048": null, "S12_049": 0, "乗客数増減_10年間": 0 }, "geometry": { "type": "MultiLineString", "coordinates": [ [ [ 138.8737, 37.6548 ], [ 138.8733, 37.65314 ] ] ] } },
{ "type": "Feature", "properties": { "fid": 67, "S12_001": "寺泊", "S12_001c": "001419", "S12_001g": "001419", "S12_002": "東日本旅客鉄道", "S12_003": "越後線", "S12_004": 11, "S12_005": 2, "S12_006": 1, "S12_007": 1, "S12_008": null, "S12_009": 442, "S12_010": 1, "S12_011": 1, "S12_012": null, "S12_013": 406, "S12_014": 1, "S12_015": 1, "S12_016": null, "S12_017": 458, "S12_018": 1, "S12_019": 1, "S12_020": null, "S12_021": 500, "S12_022": 1, "S12_023": 1, "S12_024": null, "S12_025": 442, "S12_026": 1, "S12_027": 1, "S12_028": null, "S12_029": 414, "S12_030": 1, "S12_031": 1, "S12_032": null, "S12_033": 396, "S12_034": 1, "S12_035": 1, "S12_036": null, "S12_037": 320, "S12_038": 1, "S12_039": 1, "S12_040": null, "S12_041": 320, "S12_042": 1, "S12_043": 1, "S12_044": null, "S12_045": 288, "S12_046": 1, "S12_047": 2, "S12_048": null, "S12_049": 0, "乗客数増減_10年間": -442 }, "geometry": { "type": "MultiLineString", "coordinates": [ [ [ 138.81525, 37.62043 ], [ 138.81368, 37.62011 ] ] ] } },
{ "type": "Feature", "properties": { "fid": 68, "S12_001": "石地", "S12_001c": "001469", "S12_001g": "001469", "S12_002": "東日本旅客鉄道", "S12_003": "越後線", "S12_004": 11, "S12_005": 2, "S12_006": 1, "S12_007": 3, "S12_008": null, "S12_009": 0, "S12_010": 1, "S12_011": 3, "S12_012": null, "S12_013": 0, "S12_014": 1, "S12_015": 3, "S12_016": null, "S12_017": 0, "S12_018": 1, "S12_019": 3, "S12_020": null, "S12_021": 0, "S12_022": 1, "S12_023": 3, "S12_024": null, "S12_025": 0, "S12_026": 1, "S12_027": 3, "S12_028": null, "S12_029": 0, "S12_030": 1, "S12_031": 3, "S12_032": null, "S12_033": 0, "S12_034": 1, "S12_035": 3, "S12_036": null, "S12_037": 0, "S12_038": 1, "S12_039": 2, "S12_040": null, "S12_041": 0, "S12_042": 1, "S12_043": 2, "S12_044": null, "S12_045": 0, "S12_046": 1, "S12_047": 2, "S12_048": null, "S12_049": 0, "乗客数増減_10年間": 0 }, "geometry": { "type": "MultiLineString", "coordinates": [ [ [ 138.68846, 37.48496 ], [ 138.68806, 37.48329 ] ] ] } },
{ "type": "Feature", "properties": { "fid": 69, "S12_001": "南吉田", "S12_001c": "001400", "S12_001g": "001400", "S12_002": "東日本旅客鉄道", "S12_003": "越後線", "S12_004": 11, "S12_005": 2, "S12_006": 1, "S12_007": 3, "S12_008": null, "S12_009": 0, "S12_010": 1, "S12_011": 3, "S12_012": null, "S12_013": 0, "S12_014": 1, "S12_015": 3, "S12_016": null, "S12_017": 0, "S12_018": 1, "S12_019": 3, "S12_020": null, "S12_021": 0, "S12_022": 1, "S12_023": 3, "S12_024": null, "S12_025": 0, "S12_026": 1, "S12_027": 3, "S12_028": null, "S12_029": 0, "S12_030": 1, "S12_031": 3, "S12_032": null, "S12_033": 0, "S12_034": 1, "S12_035": 3, "S12_036": null, "S12_037": 0, "S12_038": 1, "S12_039": 2, "S12_040": null, "S12_041": 0, "S12_042": 1, "S12_043": 2, "S12_044": null, "S12_045": 0, "S12_046": 1, "S12_047": 2, "S12_048": null, "S12_049": 0, "乗客数増減_10年間": 0 }, "geometry": { "type": "MultiLineString", "coordinates": [ [ [ 138.87109, 37.67282 ], [ 138.871, 37.67113 ] ] ] } },
{ "type": "Feature", "properties": { "fid": 70, "S12_001": "桐原", "S12_001c": "001425", "S12_001g": "001425", "S12_002": "東日本旅客鉄道", "S12_003": "越後線", "S12_004": 11, "S12_005": 2, "S12_006": 1, "S12_007": 3, "S12_008": null, "S12_009": 0, "S12_010": 1, "S12_011": 3, "S12_012": null, "S12_013": 0, "S12_014": 1, "S12_015": 3, "S12_016": null, "S12_017": 0, "S12_018": 1, "S12_019": 3, "S12_020": null, "S12_021": 0, "S12_022": 1, "S12_023": 3, "S12_024": null, "S12_025": 0, "S12_026": 1, "S12_027": 3, "S12_028": null, "S12_029": 0, "S12_030": 1, "S12_031": 3, "S12_032": null, "S12_033": 0, "S12_034": 1, "S12_035": 3, "S12_036": null, "S12_037": 0, "S12_038": 1, "S12_039": 2, "S12_040": null, "S12_041": 0, "S12_042": 1, "S12_043": 2, "S12_044": null, "S12_045": 0, "S12_046": 1, "S12_047": 2, "S12_048": null, "S12_049": 0, "乗客数増減_10年間": 0 }, "geometry": { "type": "MultiLineString", "coordinates": [ [ [ 138.79292, 37.60229 ], [ 138.79269, 37.60202 ], [ 138.79256, 37.60188 ], [ 138.7923, 37.60152 ], [ 138.79209, 37.60115 ] ] ] } },
{ "type": "Feature", "properties": { "fid": 71, "S12_001": "出雲崎", "S12_001c": "001449", "S12_001g": "001449", "S12_002": "東日本旅客鉄道", "S12_003": "越後線", "S12_004": 11, "S12_005": 2, "S12_006": 1, "S12_007": 1, "S12_008": null, "S12_009": 488, "S12_010": 1, "S12_011": 1, "S12_012": null, "S12_013": 466, "S12_014": 1, "S12_015": 1, "S12_016": null, "S12_017": 430, "S12_018": 1, "S12_019": 1, "S12_020": null, "S12_021": 432, "S12_022": 1, "S12_023": 1, "S12_024": null, "S12_025": 404, "S12_026": 1, "S12_027": 1, "S12_028": null, "S12_029": 430, "S12_030": 1, "S12_031": 1, "S12_032": null, "S12_033": 424, "S12_034": 1, "S12_035": 1, "S12_036": null, "S12_037": 316, "S12_038": 1, "S12_039": 1, "S12_040": null, "S12_041": 316, "S12_042": 1, "S12_043": 2, "S12_044": null, "S12_045": 0, "S12_046": 1, "S12_047": 2, "S12_048": null, "S12_049": 0, "乗客数増減_10年間": -488 }, "geometry": { "type": "MultiLineString", "coordinates": [ [ [ 138.71607, 37.53153 ], [ 138.71643, 37.53212 ] ] ] } },
{ "type": "Feature", "properties": { "fid": 72, "S12_001": "新潟", "S12_001c": "001296", "S12_001g": "001296", "S12_002": "東日本旅客鉄道", "S12_003": "越後線", "S12_004": 11, "S12_005": 2, "S12_006": 2, "S12_007": 1, "S12_008": null, "S12_009": 0, "S12_010": 2, "S12_011": 1, "S12_012": null, "S12_013": 0, "S12_014": 2, "S12_015": 1, "S12_016": null, "S12_017": 0, "S12_018": 2, "S12_019": 1, "S12_020": null, "S12_021": 0, "S12_022": 2, "S12_023": 1, "S12_024": null, "S12_025": 0, "S12_026": 2, "S12_027": 1, "S12_028": null, "S12_029": 0, "S12_030": 2, "S12_031": 1, "S12_032": null, "S12_033": 0, "S12_034": 2, "S12_035": 1, "S12_036": null, "S12_037": 0, "S12_038": 2, "S12_039": 1, "S12_040": null, "S12_041": 0, "S12_042": 2, "S12_043": 1, "S12_044": null, "S12_045": 0, "S12_046": 2, "S12_047": 1, "S12_048": null, "S12_049": 0, "乗客数増減_10年間": 0 }, "geometry": { "type": "MultiLineString", "coordinates": [ [ [ 139.06246, 37.91271 ], [ 139.0624, 37.9127 ], [ 139.06234, 37.91268 ], [ 139.06064, 37.91225 ], [ 139.06009, 37.91212 ], [ 139.05939, 37.91195 ] ] ] } },
{ "type": "Feature", "properties": { "fid": 73, "S12_001": "新潟", "S12_001c": "001296", "S12_001g": "001296", "S12_002": "東日本旅客鉄道", "S12_003": "越後線", "S12_004": 11, "S12_005": 2, "S12_006": 2, "S12_007": 1, "S12_008": null, "S12_009": 0, "S12_010": 2, "S12_011": 1, "S12_012": null, "S12_013": 0, "S12_014": 2, "S12_015": 1, "S12_016": null, "S12_017": 0, "S12_018": 2, "S12_019": 1, "S12_020": null, "S12_021": 0, "S12_022": 2, "S12_023": 1, "S12_024": null, "S12_025": 0, "S12_026": 2, "S12_027": 1, "S12_028": null, "S12_029": 0, "S12_030": 2, "S12_031": 1, "S12_032": null, "S12_033": 0, "S12_034": 2, "S12_035": 1, "S12_036": null, "S12_037": 0, "S12_038": 2, "S12_039": 1, "S12_040": null, "S12_041": 0, "S12_042": 2, "S12_043": 1, "S12_044": null, "S12_045": 0, "S12_046": 2, "S12_047": 1, "S12_048": null, "S12_049": 0, "乗客数増減_10年間": 0 }, "geometry": { "type": "MultiLineString", "coordinates": [ [ [ 139.05944, 37.91178 ], [ 139.05978, 37.91186 ], [ 139.06091, 37.91215 ], [ 139.06239, 37.91252 ], [ 139.06245, 37.91253 ], [ 139.06251, 37.91254 ] ] ] } },
{ "type": "Feature", "properties": { "fid": 74, "S12_001": "浦佐", "S12_001c": "001603", "S12_001g": "001603", "S12_002": "東日本旅客鉄道", "S12_003": "上越新幹線", "S12_004": 11, "S12_005": 1, "S12_006": 2, "S12_007": 1, "S12_008": null, "S12_009": 0, "S12_010": 2, "S12_011": 1, "S12_012": null, "S12_013": 0, "S12_014": 2, "S12_015": 1, "S12_016": null, "S12_017": 0, "S12_018": 2, "S12_019": 1, "S12_020": null, "S12_021": 0, "S12_022": 2, "S12_023": 1, "S12_024": null, "S12_025": 0, "S12_026": 2, "S12_027": 1, "S12_028": null, "S12_029": 0, "S12_030": 2, "S12_031": 1, "S12_032": null, "S12_033": 0, "S12_034": 2, "S12_035": 1, "S12_036": null, "S12_037": 0, "S12_038": 2, "S12_039": 1, "S12_040": null, "S12_041": 0, "S12_042": 2, "S12_043": 1, "S12_044": null, "S12_045": 0, "S12_046": 2, "S12_047": 1, "S12_048": null, "S12_049": 0, "乗客数増減_10年間": 0 }, "geometry": { "type": "MultiLineString", "coordinates": [ [ [ 138.92253, 37.16568 ], [ 138.92266, 37.16719 ], [ 138.92281, 37.16852 ], [ 138.92294, 37.16949 ] ] ] } },
{ "type": "Feature", "properties": { "fid": 75, "S12_001": "長岡", "S12_001c": "001489", "S12_001g": "001489", "S12_002": "東日本旅客鉄道", "S12_003": "上越新幹線", "S12_004": 11, "S12_005": 1, "S12_006": 2, "S12_007": 1, "S12_008": null, "S12_009": 0, "S12_010": 2, "S12_011": 1, "S12_012": null, "S12_013": 0, "S12_014": 2, "S12_015": 1, "S12_016": null, "S12_017": 0, "S12_018": 2, "S12_019": 1, "S12_020": null, "S12_021": 0, "S12_022": 2, "S12_023": 1, "S12_024": null, "S12_025": 0, "S12_026": 2, "S12_027": 1, "S12_028": null, "S12_029": 0, "S12_030": 2, "S12_031": 1, "S12_032": null, "S12_033": 0, "S12_034": 2, "S12_035": 1, "S12_036": null, "S12_037": 0, "S12_038": 2, "S12_039": 1, "S12_040": null, "S12_041": 0, "S12_042": 2, "S12_043": 1, "S12_044": null, "S12_045": 0, "S12_046": 2, "S12_047": 1, "S12_048": null, "S12_049": 0, "乗客数増減_10年間": 0 }, "geometry": { "type": "MultiLineString", "coordinates": [ [ [ 138.85472, 37.44968 ], [ 138.85322, 37.44585 ] ] ] } },
{ "type": "Feature", "properties": { "fid": 76, "S12_001": "燕三条", "S12_001c": "001407", "S12_001g": "001406", "S12_002": "東日本旅客鉄道", "S12_003": "上越新幹線", "S12_004": 11, "S12_005": 1, "S12_006": 2, "S12_007": 1, "S12_008": null, "S12_009": 0, "S12_010": 2, "S12_011": 1, "S12_012": null, "S12_013": 0, "S12_014": 2, "S12_015": 1, "S12_016": null, "S12_017": 0, "S12_018": 2, "S12_019": 1, "S12_020": null, "S12_021": 0, "S12_022": 2, "S12_023": 1, "S12_024": null, "S12_025": 0, "S12_026": 2, "S12_027": 1, "S12_028": null, "S12_029": 0, "S12_030": 2, "S12_031": 1, "S12_032": null, "S12_033": 0, "S12_034": 2, "S12_035": 1, "S12_036": null, "S12_037": 0, "S12_038": 2, "S12_039": 1, "S12_040": null, "S12_041": 0, "S12_042": 2, "S12_043": 1, "S12_044": null, "S12_045": 0, "S12_046": 2, "S12_047": 1, "S12_048": null, "S12_049": 0, "乗客数増減_10年間": 0 }, "geometry": { "type": "MultiLineString", "coordinates": [ [ [ 138.93767, 37.64588 ], [ 138.93879, 37.64814 ], [ 138.93949, 37.64956 ] ] ] } },
{ "type": "Feature", "properties": { "fid": 77, "S12_001": "新潟", "S12_001c": "001300", "S12_001g": "001296", "S12_002": "東日本旅客鉄道", "S12_003": "上越新幹線", "S12_004": 11, "S12_005": 1, "S12_006": 2, "S12_007": 1, "S12_008": null, "S12_009": 0, "S12_010": 2, "S12_011": 1, "S12_012": null, "S12_013": 0, "S12_014": 2, "S12_015": 1, "S12_016": null, "S12_017": 0, "S12_018": 2, "S12_019": 1, "S12_020": null, "S12_021": 0, "S12_022": 2, "S12_023": 1, "S12_024": null, "S12_025": 0, "S12_026": 2, "S12_027": 1, "S12_028": null, "S12_029": 0, "S12_030": 2, "S12_031": 1, "S12_032": null, "S12_033": 0, "S12_034": 2, "S12_035": 1, "S12_036": null, "S12_037": 0, "S12_038": 2, "S12_039": 1, "S12_040": null, "S12_041": 0, "S12_042": 2, "S12_043": 1, "S12_044": null, "S12_045": 0, "S12_046": 2, "S12_047": 1, "S12_048": null, "S12_049": 0, "乗客数増減_10年間": 0 }, "geometry": { "type": "MultiLineString", "coordinates": [ [ [ 139.06412, 37.91257 ], [ 139.05937, 37.91144 ] ] ] } },
{ "type": "Feature", "properties": { "fid": 78, "S12_001": "越後湯沢", "S12_001c": "001718", "S12_001g": "001717", "S12_002": "東日本旅客鉄道", "S12_003": "上越新幹線", "S12_004": 11, "S12_005": 1, "S12_006": 2, "S12_007": 1, "S12_008": null, "S12_009": 0, "S12_010": 2, "S12_011": 1, "S12_012": null, "S12_013": 0, "S12_014": 2, "S12_015": 1, "S12_016": null, "S12_017": 0, "S12_018": 2, "S12_019": 1, "S12_020": null, "S12_021": 0, "S12_022": 2, "S12_023": 1, "S12_024": null, "S12_025": 0, "S12_026": 2, "S12_027": 1, "S12_028": null, "S12_029": 0, "S12_030": 2, "S12_031": 1, "S12_032": null, "S12_033": 0, "S12_034": 2, "S12_035": 1, "S12_036": null, "S12_037": 0, "S12_038": 2, "S12_039": 1, "S12_040": null, "S12_041": 0, "S12_042": 2, "S12_043": 1, "S12_044": null, "S12_045": 0, "S12_046": 2, "S12_047": 1, "S12_048": null, "S12_049": 0, "乗客数増減_10年間": 0 }, "geometry": { "type": "MultiLineString", "coordinates": [ [ [ 138.80824, 36.93694 ], [ 138.80879, 36.93625 ], [ 138.81079, 36.93397 ] ] ] } },
{ "type": "Feature", "properties": { "fid": 79, "S12_001": "宮内", "S12_001c": "001496", "S12_001g": "001496", "S12_002": "東日本旅客鉄道", "S12_003": "上越線", "S12_004": 11, "S12_005": 2, "S12_006": 1, "S12_007": 1, "S12_008": null, "S12_009": 1746, "S12_010": 1, "S12_011": 1, "S12_012": null, "S12_013": 1674, "S12_014": 1, "S12_015": 1, "S12_016": null, "S12_017": 1756, "S12_018": 1, "S12_019": 1, "S12_020": null, "S12_021": 1840, "S12_022": 1, "S12_023": 1, "S12_024": null, "S12_025": 1802, "S12_026": 1, "S12_027": 1, "S12_028": null, "S12_029": 1848, "S12_030": 1, "S12_031": 1, "S12_032": null, "S12_033": 1892, "S12_034": 1, "S12_035": 1, "S12_036": null, "S12_037": 2006, "S12_038": 1, "S12_039": 1, "S12_040": null, "S12_041": 2006, "S12_042": 1, "S12_043": 1, "S12_044": null, "S12_045": 1804, "S12_046": 2, "S12_047": 1, "S12_048": null, "S12_049": 0, "乗客数増減_10年間": -1746 }, "geometry": { "type": "MultiLineString", "coordinates": [ [ [ 138.84078, 37.423 ], [ 138.84038, 37.42247 ], [ 138.83984, 37.42177 ], [ 138.83946, 37.42127 ] ] ] } },
{ "type": "Feature", "properties": { "fid": 80, "S12_001": "石打", "S12_001c": "001693", "S12_001g": "001693", "S12_002": "東日本旅客鉄道", "S12_003": "上越線", "S12_004": 11, "S12_005": 2, "S12_006": 1, "S12_007": 1, "S12_008": null, "S12_009": 314, "S12_010": 1, "S12_011": 1, "S12_012": null, "S12_013": 296, "S12_014": 1, "S12_015": 1, "S12_016": null, "S12_017": 288, "S12_018": 1, "S12_019": 1, "S12_020": null, "S12_021": 288, "S12_022": 1, "S12_023": 1, "S12_024": null, "S12_025": 258, "S12_026": 1, "S12_027": 1, "S12_028": null, "S12_029": 270, "S12_030": 1, "S12_031": 1, "S12_032": null, "S12_033": 270, "S12_034": 1, "S12_035": 1, "S12_036": null, "S12_037": 242, "S12_038": 1, "S12_039": 1, "S12_040": null, "S12_041": 242, "S12_042": 1, "S12_043": 2, "S12_044": null, "S12_045": 0, "S12_046": 1, "S12_047": 2, "S12_048": null, "S12_049": 0, "乗客数増減_10年間": -314 }, "geometry": { "type": "MultiLineString", "coordinates": [ [ [ 138.80408, 36.98777 ], [ 138.80428, 36.99008 ] ] ] } },
{ "type": "Feature", "properties": { "fid": 81, "S12_001": "浦佐", "S12_001c": "001604", "S12_001g": "001603", "S12_002": "東日本旅客鉄道", "S12_003": "上越線", "S12_004": 11, "S12_005": 2, "S12_006": 1, "S12_007": 1, "S12_008": null, "S12_009": 2622, "S12_010": 1, "S12_011": 1, "S12_012": null, "S12_013": 2638, "S12_014": 1, "S12_015": 1, "S12_016": null, "S12_017": 2794, "S12_018": 1, "S12_019": 1, "S12_020": null, "S12_021": 2858, "S12_022": 1, "S12_023": 1, "S12_024": null, "S12_025": 2880, "S12_026": 1, "S12_027": 1, "S12_028": null, "S12_029": 2888, "S12_030": 1, "S12_031": 1, "S12_032": null, "S12_033": 2876, "S12_034": 1, "S12_035": 1, "S12_036": null, "S12_037": 2914, "S12_038": 1, "S12_039": 1, "S12_040": null, "S12_041": 2914, "S12_042": 1, "S12_043": 1, "S12_044": null, "S12_045": 2128, "S12_046": 1, "S12_047": 1, "S12_048": null, "S12_049": 2114, "乗客数増減_10年間": -508 }, "geometry": { "type": "MultiLineString", "coordinates": [ [ [ 138.92292, 37.16615 ], [ 138.92305, 37.16753 ], [ 138.92316, 37.16859 ] ] ] } },
{ "type": "Feature", "properties": { "fid": 82, "S12_001": "ガーラ湯沢", "S12_001c": "001712", "S12_001g": "001712", "S12_002": "東日本旅客鉄道", "S12_003": "上越線", "S12_004": 11, "S12_005": 2, "S12_006": 1, "S12_007": 1, "S12_008": null, "S12_009": 1882, "S12_010": 1, "S12_011": 1, "S12_012": null, "S12_013": 2866, "S12_014": 1, "S12_015": 1, "S12_016": null, "S12_017": 2630, "S12_018": 1, "S12_019": 1, "S12_020": null, "S12_021": 2828, "S12_022": 1, "S12_023": 1, "S12_024": null, "S12_025": 2880, "S12_026": 1, "S12_027": 1, "S12_028": null, "S12_029": 2254, "S12_030": 1, "S12_031": 1, "S12_032": null, "S12_033": 2410, "S12_034": 1, "S12_035": 1, "S12_036": null, "S12_037": 2130, "S12_038": 1, "S12_039": 1, "S12_040": null, "S12_041": 2130, "S12_042": 1, "S12_043": 1, "S12_044": null, "S12_045": 1032, "S12_046": 1, "S12_047": 2, "S12_048": null, "S12_049": 0, "乗客数増減_10年間": -1882 }, "geometry": { "type": "MultiLineString", "coordinates": [ [ [ 138.79903, 36.95154 ], [ 138.79996, 36.94879 ] ] ] } },
{ "type": "Feature", "properties": { "fid": 83, "S12_001": "北堀之内", "S12_001c": "001564", "S12_001g": "001564", "S12_002": "東日本旅客鉄道", "S12_003": "上越線", "S12_004": 11, "S12_005": 2, "S12_006": 1, "S12_007": 3, "S12_008": null, "S12_009": 0, "S12_010": 1, "S12_011": 3, "S12_012": null, "S12_013": 0, "S12_014": 1, "S12_015": 3, "S12_016": null, "S12_017": 0, "S12_018": 1, "S12_019": 3, "S12_020": null, "S12_021": 0, "S12_022": 1, "S12_023": 3, "S12_024": null, "S12_025": 0, "S12_026": 1, "S12_027": 3, "S12_028": null, "S12_029": 0, "S12_030": 1, "S12_031": 3, "S12_032": null, "S12_033": 0, "S12_034": 1, "S12_035": 3, "S12_036": null, "S12_037": 0, "S12_038": 1, "S12_039": 2, "S12_040": null, "S12_041": 0, "S12_042": 1, "S12_043": 2, "S12_044": null, "S12_045": 0, "S12_046": 1, "S12_047": 2, "S12_048": null, "S12_049": 0, "乗客数増減_10年間": 0 }, "geometry": { "type": "MultiLineString", "coordinates": [ [ [ 138.89546, 37.2563 ], [ 138.89717, 37.25518 ] ] ] } },
{ "type": "Feature", "properties": { "fid": 84, "S12_001": "塩沢", "S12_001c": "001671", "S12_001g": "001671", "S12_002": "東日本旅客鉄道", "S12_003": "上越線", "S12_004": 11, "S12_005": 2, "S12_006": 1, "S12_007": 1, "S12_008": null, "S12_009": 1238, "S12_010": 1, "S12_011": 1, "S12_012": null, "S12_013": 1218, "S12_014": 1, "S12_015": 1, "S12_016": null, "S12_017": 1364, "S12_018": 1, "S12_019": 1, "S12_020": null, "S12_021": 1470, "S12_022": 1, "S12_023": 1, "S12_024": null, "S12_025": 1390, "S12_026": 1, "S12_027": 1, "S12_028": null, "S12_029": 1336, "S12_030": 1, "S12_031": 1, "S12_032": null, "S12_033": 1226, "S12_034": 1, "S12_035": 1, "S12_036": null, "S12_037": 1078, "S12_038": 1, "S12_039": 1, "S12_040": null, "S12_041": 1078, "S12_042": 1, "S12_043": 1, "S12_044": null, "S12_045": 922, "S12_046": 1, "S12_047": 2, "S12_048": null, "S12_049": 0, "乗客数増減_10年間": -1238 }, "geometry": { "type": "MultiLineString", "coordinates": [ [ [ 138.84754, 37.04119 ], [ 138.84932, 37.04178 ] ] ] } },
{ "type": "Feature", "properties": { "fid": 85, "S12_001": "上越国際スキー場前", "S12_001c": "001674", "S12_001g": "001674", "S12_002": "東日本旅客鉄道", "S12_003": "上越線", "S12_004": 11, "S12_005": 2, "S12_006": 1, "S12_007": 3, "S12_008": null, "S12_009": 0, "S12_010": 1, "S12_011": 3, "S12_012": null, "S12_013": 0, "S12_014": 1, "S12_015": 3, "S12_016": null, "S12_017": 0, "S12_018": 1, "S12_019": 3, "S12_020": null, "S12_021": 0, "S12_022": 1, "S12_023": 3, "S12_024": null, "S12_025": 0, "S12_026": 1, "S12_027": 3, "S12_028": null, "S12_029": 0, "S12_030": 1, "S12_031": 3, "S12_032": null, "S12_033": 0, "S12_034": 1, "S12_035": 3, "S12_036": null, "S12_037": 0, "S12_038": 1, "S12_039": 2, "S12_040": null, "S12_041": 0, "S12_042": 1, "S12_043": 2, "S12_044": null, "S12_045": 0, "S12_046": 1, "S12_047": 2, "S12_048": null, "S12_049": 0, "乗客数増減_10年間": 0 }, "geometry": { "type": "MultiLineString", "coordinates": [ [ [ 138.8276, 37.02862 ], [ 138.82775, 37.02867 ], [ 138.82806, 37.02877 ], [ 138.82842, 37.02888 ] ] ] } },
{ "type": "Feature", "properties": { "fid": 86, "S12_001": "五日町", "S12_001c": "001631", "S12_001g": "001631", "S12_002": "東日本旅客鉄道", "S12_003": "上越線", "S12_004": 11, "S12_005": 2, "S12_006": 1, "S12_007": 1, "S12_008": null, "S12_009": 480, "S12_010": 1, "S12_011": 1, "S12_012": null, "S12_013": 488, "S12_014": 1, "S12_015": 1, "S12_016": null, "S12_017": 454, "S12_018": 1, "S12_019": 3, "S12_020": null, "S12_021": 0, "S12_022": 1, "S12_023": 3, "S12_024": null, "S12_025": 0, "S12_026": 1, "S12_027": 3, "S12_028": null, "S12_029": 0, "S12_030": 1, "S12_031": 3, "S12_032": null, "S12_033": 0, "S12_034": 1, "S12_035": 3, "S12_036": null, "S12_037": 0, "S12_038": 1, "S12_039": 2, "S12_040": null, "S12_041": 0, "S12_042": 1, "S12_043": 2, "S12_044": null, "S12_045": 0, "S12_046": 1, "S12_047": 2, "S12_048": null, "S12_049": 0, "乗客数増減_10年間": -480 }, "geometry": { "type": "MultiLineString", "coordinates": [ [ [ 138.9079, 37.11896 ], [ 138.90839, 37.11983 ], [ 138.90877, 37.12056 ], [ 138.90897, 37.12093 ] ] ] } },
{ "type": "Feature", "properties": { "fid": 87, "S12_001": "八色", "S12_001c": "001592", "S12_001g": "001592", "S12_002": "東日本旅客鉄道", "S12_003": "上越線", "S12_004": 11, "S12_005": 2, "S12_006": 1, "S12_007": 3, "S12_008": null, "S12_009": 0, "S12_010": 1, "S12_011": 3, "S12_012": null, "S12_013": 0, "S12_014": 1, "S12_015": 3, "S12_016": null, "S12_017": 0, "S12_018": 1, "S12_019": 3, "S12_020": null, "S12_021": 0, "S12_022": 1, "S12_023": 3, "S12_024": null, "S12_025": 0, "S12_026": 1, "S12_027": 3, "S12_028": null, "S12_029": 0, "S12_030": 1, "S12_031": 3, "S12_032": null, "S12_033": 0, "S12_034": 1, "S12_035": 3, "S12_036": null, "S12_037": 0, "S12_038": 1, "S12_039": 2, "S12_040": null, "S12_041": 0, "S12_042": 1, "S12_043": 2, "S12_044": null, "S12_045": 0, "S12_046": 1, "S12_047": 2, "S12_048": null, "S12_049": 0, "乗客数増減_10年間": 0 }, "geometry": { "type": "MultiLineString", "coordinates": [ [ [ 138.93572, 37.19233 ], [ 138.9345, 37.19118 ] ] ] } },
{ "type": "Feature", "properties": { "fid": 88, "S12_001": "大沢", "S12_001c": "001680", "S12_001g": "001680", "S12_002": "東日本旅客鉄道", "S12_003": "上越線", "S12_004": 11, "S12_005": 2, "S12_006": 1, "S12_007": 3, "S12_008": null, "S12_009": 0, "S12_010": 1, "S12_011": 3, "S12_012": null, "S12_013": 0, "S12_014": 1, "S12_015": 3, "S12_016": null, "S12_017": 0, "S12_018": 1, "S12_019": 3, "S12_020": null, "S12_021": 0, "S12_022": 1, "S12_023": 3, "S12_024": null, "S12_025": 0, "S12_026": 1, "S12_027": 3, "S12_028": null, "S12_029": 0, "S12_030": 1, "S12_031": 3, "S12_032": null, "S12_033": 0, "S12_034": 1, "S12_035": 3, "S12_036": null, "S12_037": 0, "S12_038": 1, "S12_039": 2, "S12_040": null, "S12_041": 0, "S12_042": 1, "S12_043": 2, "S12_044": null, "S12_045": 0, "S12_046": 1, "S12_047": 2, "S12_048": null, "S12_049": 0, "乗客数増減_10年間": 0 }, "geometry": { "type": "MultiLineString", "coordinates": [ [ [ 138.82103, 37.02069 ], [ 138.82163, 37.02177 ] ] ] } },
{ "type": "Feature", "properties": { "fid": 89, "S12_001": "六日町", "S12_001c": "001655", "S12_001g": "001654", "S12_002": "東日本旅客鉄道", "S12_003": "上越線", "S12_004": 11, "S12_005": 2, "S12_006": 1, "S12_007": 1, "S12_008": "北越急行、ほくほく線を含む", "S12_009": 10832, "S12_010": 1, "S12_011": 1, "S12_012": "北越急行、ほくほく線を含む", "S12_013": 10626, "S12_014": 1, "S12_015": 1, "S12_016": "北越急行、ほくほく線を含む", "S12_017": 11508, "S12_018": 1, "S12_019": 1, "S12_020": "北越急行、ほくほく線を含む", "S12_021": 11906, "S12_022": 1, "S12_023": 1, "S12_024": "北越急行、ほくほく線を含む", "S12_025": 11294, "S12_026": 1, "S12_027": 1, "S12_028": null, "S12_029": 3848, "S12_030": 1, "S12_031": 1, "S12_032": null, "S12_033": 3624, "S12_034": 1, "S12_035": 1, "S12_036": null, "S12_037": 4808, "S12_038": 1, "S12_039": 1, "S12_040": "北越急行、ほくほく線を含む", "S12_041": 4738, "S12_042": 1, "S12_043": 1, "S12_044": "北越急行、ほくほく線を含む", "S12_045": 3107, "S12_046": 1, "S12_047": 2, "S12_048": "北越急行、ほくほく線を含む", "S12_049": 0, "乗客数増減_10年間": -10832 }, "geometry": { "type": "MultiLineString", "coordinates": [ [ [ 138.87656, 37.06779 ], [ 138.87638, 37.06759 ], [ 138.87593, 37.06711 ], [ 138.87564, 37.0668 ], [ 138.8754, 37.06651 ], [ 138.87526, 37.06634 ], [ 138.87512, 37.06613 ], [ 138.87499, 37.06593 ], [ 138.8749, 37.06579 ], [ 138.87483, 37.06567 ], [ 138.87477, 37.06556 ] ] ] } },
{ "type": "Feature", "properties": { "fid": 90, "S12_001": "越後滝谷", "S12_001c": "001520", "S12_001g": "001520", "S12_002": "東日本旅客鉄道", "S12_003": "上越線", "S12_004": 11, "S12_005": 2, "S12_006": 1, "S12_007": 3, "S12_008": null, "S12_009": 0, "S12_010": 1, "S12_011": 3, "S12_012": null, "S12_013": 0, "S12_014": 1, "S12_015": 3, "S12_016": null, "S12_017": 0, "S12_018": 1, "S12_019": 3, "S12_020": null, "S12_021": 0, "S12_022": 1, "S12_023": 3, "S12_024": null, "S12_025": 0, "S12_026": 1, "S12_027": 3, "S12_028": null, "S12_029": 0, "S12_030": 1, "S12_031": 3, "S12_032": null, "S12_033": 0, "S12_034": 1, "S12_035": 3, "S12_036": null, "S12_037": 0, "S12_038": 1, "S12_039": 2, "S12_040": null, "S12_041": 0, "S12_042": 1, "S12_043": 2, "S12_044": null, "S12_045": 0, "S12_046": 1, "S12_047": 2, "S12_048": null, "S12_049": 0, "乗客数増減_10年間": 0 }, "geometry": { "type": "MultiLineString", "coordinates": [ [ [ 138.83498, 37.36757 ], [ 138.83497, 37.36888 ], [ 138.83497, 37.36972 ] ] ] } },
{ "type": "Feature", "properties": { "fid": 91, "S12_001": "小千谷", "S12_001c": "001548", "S12_001g": "001548", "S12_002": "東日本旅客鉄道", "S12_003": "上越線", "S12_004": 11, "S12_005": 2, "S12_006": 1, "S12_007": 1, "S12_008": null, "S12_009": 2418, "S12_010": 1, "S12_011": 1, "S12_012": null, "S12_013": 2396, "S12_014": 1, "S12_015": 1, "S12_016": null, "S12_017": 2466, "S12_018": 1, "S12_019": 1, "S12_020": null, "S12_021": 2638, "S12_022": 1, "S12_023": 1, "S12_024": null, "S12_025": 2466, "S12_026": 1, "S12_027": 1, "S12_028": null, "S12_029": 2548, "S12_030": 1, "S12_031": 1, "S12_032": null, "S12_033": 2572, "S12_034": 1, "S12_035": 1, "S12_036": null, "S12_037": 2556, "S12_038": 1, "S12_039": 1, "S12_040": null, "S12_041": 2556, "S12_042": 1, "S12_043": 1, "S12_044": null, "S12_045": 2128, "S12_046": 1, "S12_047": 2, "S12_048": null, "S12_049": 0, "乗客数増減_10年間": -2418 }, "geometry": { "type": "MultiLineString", "coordinates": [ [ [ 138.81304, 37.31089 ], [ 138.81315, 37.31048 ], [ 138.81328, 37.31006 ], [ 138.81393, 37.30846 ] ] ] } },
{ "type": "Feature", "properties": { "fid": 92, "S12_001": "越後堀之内", "S12_001c": "001573", "S12_001g": "001573", "S12_002": "東日本旅客鉄道", "S12_003": "上越線", "S12_004": 11, "S12_005": 2, "S12_006": 1, "S12_007": 1, "S12_008": null, "S12_009": 916, "S12_010": 1, "S12_011": 1, "S12_012": null, "S12_013": 878, "S12_014": 1, "S12_015": 1, "S12_016": null, "S12_017": 824, "S12_018": 1, "S12_019": 1, "S12_020": null, "S12_021": 856, "S12_022": 1, "S12_023": 1, "S12_024": null, "S12_025": 832, "S12_026": 1, "S12_027": 1, "S12_028": null, "S12_029": 866, "S12_030": 1, "S12_031": 1, "S12_032": null, "S12_033": 924, "S12_034": 1, "S12_035": 1, "S12_036": null, "S12_037": 778, "S12_038": 1, "S12_039": 1, "S12_040": null, "S12_041": 778, "S12_042": 1, "S12_043": 1, "S12_044": null, "S12_045": 672, "S12_046": 1, "S12_047": 2, "S12_048": null, "S12_049": 0, "乗客数増減_10年間": -916 }, "geometry": { "type": "MultiLineString", "coordinates": [ [ [ 138.92702, 37.2395 ], [ 138.92955, 37.23841 ] ] ] } },
{ "type": "Feature", "properties": { "fid": 93, "S12_001": "越後川口", "S12_001c": "001558", "S12_001g": "001558", "S12_002": "東日本旅客鉄道", "S12_003": "上越線", "S12_004": 11, "S12_005": 2, "S12_006": 1, "S12_007": 1, "S12_008": null, "S12_009": 378, "S12_010": 1, "S12_011": 1, "S12_012": null, "S12_013": 398, "S12_014": 1, "S12_015": 1, "S12_016": null, "S12_017": 418, "S12_018": 1, "S12_019": 1, "S12_020": null, "S12_021": 438, "S12_022": 1, "S12_023": 1, "S12_024": null, "S12_025": 386, "S12_026": 1, "S12_027": 1, "S12_028": null, "S12_029": 416, "S12_030": 1, "S12_031": 1, "S12_032": null, "S12_033": 382, "S12_034": 1, "S12_035": 1, "S12_036": null, "S12_037": 366, "S12_038": 1, "S12_039": 1, "S12_040": null, "S12_041": 366, "S12_042": 1, "S12_043": 1, "S12_044": null, "S12_045": 302, "S12_046": 2, "S12_047": 1, "S12_048": null, "S12_049": 0, "乗客数増減_10年間": -378 }, "geometry": { "type": "MultiLineString", "coordinates": [ [ [ 138.86014, 37.27322 ], [ 138.86072, 37.27319 ], [ 138.86109, 37.27315 ], [ 138.86143, 37.27309 ], [ 138.86174, 37.27302 ], [ 138.86206, 37.27294 ], [ 138.86219, 37.2729 ], [ 138.86247, 37.27278 ], [ 138.86262, 37.27271 ], [ 138.86277, 37.27264 ], [ 138.86299, 37.27251 ] ] ] } },
{ "type": "Feature", "properties": { "fid": 94, "S12_001": "小出", "S12_001c": "001575", "S12_001g": "001575", "S12_002": "東日本旅客鉄道", "S12_003": "上越線", "S12_004": 11, "S12_005": 2, "S12_006": 1, "S12_007": 1, "S12_008": null, "S12_009": 1872, "S12_010": 1, "S12_011": 1, "S12_012": null, "S12_013": 1766, "S12_014": 1, "S12_015": 1, "S12_016": null, "S12_017": 1774, "S12_018": 1, "S12_019": 1, "S12_020": null, "S12_021": 1894, "S12_022": 1, "S12_023": 1, "S12_024": null, "S12_025": 1872, "S12_026": 1, "S12_027": 1, "S12_028": null, "S12_029": 1880, "S12_030": 1, "S12_031": 1, "S12_032": null, "S12_033": 1788, "S12_034": 1, "S12_035": 1, "S12_036": null, "S12_037": 1702, "S12_038": 1, "S12_039": 1, "S12_040": null, "S12_041": 1702, "S12_042": 1, "S12_043": 1, "S12_044": null, "S12_045": 1524, "S12_046": 2, "S12_047": 1, "S12_048": null, "S12_049": 0, "乗客数増減_10年間": -1872 }, "geometry": { "type": "MultiLineString", "coordinates": [ [ [ 138.95262, 37.23467 ], [ 138.9546, 37.23247 ] ] ] } },
{ "type": "Feature", "properties": { "fid": 95, "S12_001": "越後湯沢", "S12_001c": "001717", "S12_001g": "001717", "S12_002": "東日本旅客鉄道", "S12_003": "上越線", "S12_004": 11, "S12_005": 2, "S12_006": 1, "S12_007": 1, "S12_008": null, "S12_009": 5490, "S12_010": 1, "S12_011": 1, "S12_012": null, "S12_013": 5458, "S12_014": 1, "S12_015": 1, "S12_016": null, "S12_017": 6012, "S12_018": 1, "S12_019": 1, "S12_020": null, "S12_021": 6100, "S12_022": 1, "S12_023": 1, "S12_024": null, "S12_025": 6216, "S12_026": 1, "S12_027": 1, "S12_028": null, "S12_029": 5810, "S12_030": 1, "S12_031": 1, "S12_032": null, "S12_033": 5992, "S12_034": 1, "S12_035": 1, "S12_036": null, "S12_037": 6208, "S12_038": 1, "S12_039": 1, "S12_040": null, "S12_041": 6208, "S12_042": 1, "S12_043": 1, "S12_044": null, "S12_045": 2834, "S12_046": 1, "S12_047": 1, "S12_048": null, "S12_049": 4056, "乗客数増減_10年間": -1434 }, "geometry": { "type": "MultiLineString", "coordinates": [ [ [ 138.80824, 36.93694 ], [ 138.80879, 36.93625 ], [ 138.81079, 36.93397 ] ] ] } },
{ "type": "Feature", "properties": { "fid": 96, "S12_001": "越後中里", "S12_001c": "001728", "S12_001g": "001728", "S12_002": "東日本旅客鉄道", "S12_003": "上越線", "S12_004": 11, "S12_005": 2, "S12_006": 1, "S12_007": 3, "S12_008": null, "S12_009": 0, "S12_010": 1, "S12_011": 3, "S12_012": null, "S12_013": 0, "S12_014": 1, "S12_015": 3, "S12_016": null, "S12_017": 0, "S12_018": 1, "S12_019": 3, "S12_020": null, "S12_021": 0, "S12_022": 1, "S12_023": 3, "S12_024": null, "S12_025": 0, "S12_026": 1, "S12_027": 3, "S12_028": null, "S12_029": 0, "S12_030": 1, "S12_031": 3, "S12_032": null, "S12_033": 0, "S12_034": 1, "S12_035": 3, "S12_036": null, "S12_037": 0, "S12_038": 1, "S12_039": 2, "S12_040": null, "S12_041": 0, "S12_042": 1, "S12_043": 2, "S12_044": null, "S12_045": 0, "S12_046": 1, "S12_047": 2, "S12_048": null, "S12_049": 0, "乗客数増減_10年間": 0 }, "geometry": { "type": "MultiLineString", "coordinates": [ [ [ 138.84856, 36.90913 ], [ 138.84849, 36.91055 ], [ 138.84847, 36.91151 ] ] ] } },
{ "type": "Feature", "properties": { "fid": 97, "S12_001": "越後湯沢", "S12_001c": "001717", "S12_001g": "001717", "S12_002": "東日本旅客鉄道", "S12_003": "上越線", "S12_004": 11, "S12_005": 2, "S12_006": 2, "S12_007": 1, "S12_008": null, "S12_009": 0, "S12_010": 2, "S12_011": 1, "S12_012": null, "S12_013": 0, "S12_014": 2, "S12_015": 1, "S12_016": null, "S12_017": 0, "S12_018": 2, "S12_019": 1, "S12_020": null, "S12_021": 0, "S12_022": 2, "S12_023": 1, "S12_024": null, "S12_025": 0, "S12_026": 2, "S12_027": 1, "S12_028": null, "S12_029": 0, "S12_030": 2, "S12_031": 1, "S12_032": null, "S12_033": 0, "S12_034": 2, "S12_035": 1, "S12_036": null, "S12_037": 0, "S12_038": 2, "S12_039": 1, "S12_040": null, "S12_041": 0, "S12_042": 2, "S12_043": 1, "S12_044": null, "S12_045": 0, "S12_046": 2, "S12_047": 1, "S12_048": null, "S12_049": 0, "乗客数増減_10年間": 0 }, "geometry": { "type": "MultiLineString", "coordinates": [ [ [ 138.81083, 36.93526 ], [ 138.81074, 36.93533 ], [ 138.81028, 36.93572 ], [ 138.80962, 36.93628 ], [ 138.80863, 36.93711 ] ] ] } },
{ "type": "Feature", "properties": { "fid": 98, "S12_001": "岩原スキー場前", "S12_001c": "001725", "S12_001g": "001725", "S12_002": "東日本旅客鉄道", "S12_003": "上越線", "S12_004": 11, "S12_005": 2, "S12_006": 1, "S12_007": 3, "S12_008": null, "S12_009": 0, "S12_010": 1, "S12_011": 3, "S12_012": null, "S12_013": 0, "S12_014": 1, "S12_015": 3, "S12_016": null, "S12_017": 0, "S12_018": 1, "S12_019": 3, "S12_020": null, "S12_021": 0, "S12_022": 1, "S12_023": 3, "S12_024": null, "S12_025": 0, "S12_026": 1, "S12_027": 3, "S12_028": null, "S12_029": 0, "S12_030": 1, "S12_031": 3, "S12_032": null, "S12_033": 0, "S12_034": 1, "S12_035": 3, "S12_036": null, "S12_037": 0, "S12_038": 1, "S12_039": 2, "S12_040": null, "S12_041": 0, "S12_042": 1, "S12_043": 2, "S12_044": null, "S12_045": 0, "S12_046": 1, "S12_047": 2, "S12_048": null, "S12_049": 0, "乗客数増減_10年間": 0 }, "geometry": { "type": "MultiLineString", "coordinates": [ [ [ 138.84083, 36.92442 ], [ 138.84047, 36.92431 ], [ 138.84017, 36.92425 ], [ 138.83975, 36.92416 ], [ 138.8393, 36.92414 ], [ 138.83853, 36.92418 ], [ 138.83788, 36.92427 ] ] ] } },
{ "type": "Feature", "properties": { "fid": 99, "S12_001": "土樽", "S12_001c": "001739", "S12_001g": "001739", "S12_002": "東日本旅客鉄道", "S12_003": "上越線", "S12_004": 11, "S12_005": 2, "S12_006": 1, "S12_007": 3, "S12_008": null, "S12_009": 0, "S12_010": 1, "S12_011": 3, "S12_012": null, "S12_013": 0, "S12_014": 1, "S12_015": 3, "S12_016": null, "S12_017": 0, "S12_018": 1, "S12_019": 3, "S12_020": null, "S12_021": 0, "S12_022": 1, "S12_023": 3, "S12_024": null, "S12_025": 0, "S12_026": 1, "S12_027": 3, "S12_028": null, "S12_029": 0, "S12_030": 1, "S12_031": 3, "S12_032": null, "S12_033": 0, "S12_034": 1, "S12_035": 3, "S12_036": null, "S12_037": 0, "S12_038": 1, "S12_039": 2, "S12_040": null, "S12_041": 0, "S12_042": 1, "S12_043": 2, "S12_044": null, "S12_045": 0, "S12_046": 1, "S12_047": 2, "S12_048": null, "S12_049": 0, "乗客数増減_10年間": 0 }, "geometry": { "type": "MultiLineString", "coordinates": [ [ [ 138.86069, 36.87604 ], [ 138.86127, 36.87554 ], [ 138.86161, 36.87525 ], [ 138.86249, 36.87451 ] ] ] } },
{ "type": "Feature", "properties": { "fid": 100, "S12_001": "新潟", "S12_001c": "001297", "S12_001g": "001296", "S12_002": "東日本旅客鉄道", "S12_003": "信越線", "S12_004": 11, "S12_005": 2, "S12_006": 1, "S12_007": 1, "S12_008": null, "S12_009": 72538, "S12_010": 1, "S12_011": 1, "S12_012": null, "S12_013": 73422, "S12_014": 1, "S12_015": 1, "S12_016": null, "S12_017": 74644, "S12_018": 1, "S12_019": 1, "S12_020": null, "S12_021": 76854, "S12_022": 1, "S12_023": 1, "S12_024": null, "S12_025": 77602, "S12_026": 1, "S12_027": 1, "S12_028": null, "S12_029": 74892, "S12_030": 1, "S12_031": 1, "S12_032": null, "S12_033": 74690, "S12_034": 1, "S12_035": 1, "S12_036": null, "S12_037": 74944, "S12_038": 1, "S12_039": 1, "S12_040": null, "S12_041": 74944, "S12_042": 1, "S12_043": 1, "S12_044": null, "S12_045": 49698, "S12_046": 1, "S12_047": 1, "S12_048": null, "S12_049": 52554, "乗客数増減_10年間": -19984 }, "geometry": { "type": "MultiLineString", "coordinates": [ [ [ 139.05944, 37.91178 ], [ 139.05978, 37.91186 ], [ 139.06091, 37.91215 ], [ 139.06239, 37.91252 ], [ 139.06245, 37.91253 ], [ 139.06251, 37.91254 ] ] ] } },
{ "type": "Feature", "properties": { "fid": 101, "S12_001": "新潟", "S12_001c": "001297", "S12_001g": "001296", "S12_002": "東日本旅客鉄道", "S12_003": "信越線", "S12_004": 11, "S12_005": 2, "S12_006": 2, "S12_007": 1, "S12_008": null, "S12_009": 0, "S12_010": 2, "S12_011": 1, "S12_012": null, "S12_013": 0, "S12_014": 2, "S12_015": 1, "S12_016": null, "S12_017": 0, "S12_018": 2, "S12_019": 1, "S12_020": null, "S12_021": 0, "S12_022": 2, "S12_023": 1, "S12_024": null, "S12_025": 0, "S12_026": 2, "S12_027": 1, "S12_028": null, "S12_029": 0, "S12_030": 2, "S12_031": 1, "S12_032": null, "S12_033": 0, "S12_034": 2, "S12_035": 1, "S12_036": null, "S12_037": 0, "S12_038": 2, "S12_039": 1, "S12_040": null, "S12_041": 0, "S12_042": 2, "S12_043": 1, "S12_044": null, "S12_045": 0, "S12_046": 2, "S12_047": 1, "S12_048": null, "S12_049": 0, "乗客数増減_10年間": 0 }, "geometry": { "type": "MultiLineString", "coordinates": [ [ [ 139.06246, 37.91271 ], [ 139.0624, 37.9127 ], [ 139.06234, 37.91268 ], [ 139.06064, 37.91225 ], [ 139.06009, 37.91212 ], [ 139.05939, 37.91195 ] ] ] } },
{ "type": "Feature", "properties": { "fid": 102, "S12_001": "新津", "S12_001c": "001350", "S12_001g": "001349", "S12_002": "東日本旅客鉄道", "S12_003": "信越線", "S12_004": 11, "S12_005": 2, "S12_006": 1, "S12_007": 1, "S12_008": null, "S12_009": 8218, "S12_010": 1, "S12_011": 1, "S12_012": null, "S12_013": 8202, "S12_014": 1, "S12_015": 1, "S12_016": null, "S12_017": 8380, "S12_018": 1, "S12_019": 1, "S12_020": null, "S12_021": 8728, "S12_022": 1, "S12_023": 1, "S12_024": null, "S12_025": 8406, "S12_026": 1, "S12_027": 1, "S12_028": null, "S12_029": 8500, "S12_030": 1, "S12_031": 1, "S12_032": null, "S12_033": 8686, "S12_034": 1, "S12_035": 1, "S12_036": null, "S12_037": 8530, "S12_038": 1, "S12_039": 1, "S12_040": null, "S12_041": 8530, "S12_042": 1, "S12_043": 1, "S12_044": null, "S12_045": 6830, "S12_046": 1, "S12_047": 1, "S12_048": null, "S12_049": 6928, "乗客数増減_10年間": -1290 }, "geometry": { "type": "MultiLineString", "coordinates": [ [ [ 139.12122, 37.79892 ], [ 139.1212, 37.80168 ] ] ] } },
{ "type": "Feature", "properties": { "fid": 103, "S12_001": "宮内", "S12_001c": "001497", "S12_001g": "001496", "S12_002": "東日本旅客鉄道", "S12_003": "信越線", "S12_004": 11, "S12_005": 2, "S12_006": 2, "S12_007": 1, "S12_008": null, "S12_009": 0, "S12_010": 2, "S12_011": 1, "S12_012": null, "S12_013": 0, "S12_014": 2, "S12_015": 1, "S12_016": null, "S12_017": 0, "S12_018": 2, "S12_019": 1, "S12_020": null, "S12_021": 0, "S12_022": 2, "S12_023": 1, "S12_024": null, "S12_025": 0, "S12_026": 2, "S12_027": 1, "S12_028": null, "S12_029": 0, "S12_030": 2, "S12_031": 1, "S12_032": null, "S12_033": 0, "S12_034": 2, "S12_035": 1, "S12_036": null, "S12_037": 0, "S12_038": 2, "S12_039": 1, "S12_040": null, "S12_041": 0, "S12_042": 2, "S12_043": 1, "S12_044": null, "S12_045": 0, "S12_046": 2, "S12_047": 1, "S12_048": null, "S12_049": 0, "乗客数増減_10年間": 0 }, "geometry": { "type": "MultiLineString", "coordinates": [ [ [ 138.84078, 37.423 ], [ 138.84038, 37.42247 ], [ 138.83984, 37.42177 ], [ 138.83946, 37.42127 ] ] ] } },
{ "type": "Feature", "properties": { "fid": 104, "S12_001": "東光寺", "S12_001c": "001427", "S12_001g": "001427", "S12_002": "東日本旅客鉄道", "S12_003": "信越線", "S12_004": 11, "S12_005": 2, "S12_006": 1, "S12_007": 3, "S12_008": null, "S12_009": 0, "S12_010": 1, "S12_011": 3, "S12_012": null, "S12_013": 0, "S12_014": 1, "S12_015": 3, "S12_016": null, "S12_017": 0, "S12_018": 1, "S12_019": 3, "S12_020": null, "S12_021": 0, "S12_022": 1, "S12_023": 3, "S12_024": null, "S12_025": 0, "S12_026": 1, "S12_027": 3, "S12_028": null, "S12_029": 0, "S12_030": 1, "S12_031": 3, "S12_032": null, "S12_033": 0, "S12_034": 1, "S12_035": 3, "S12_036": null, "S12_037": 0, "S12_038": 1, "S12_039": 2, "S12_040": null, "S12_041": 0, "S12_042": 1, "S12_043": 2, "S12_044": null, "S12_045": 0, "S12_046": 1, "S12_047": 2, "S12_048": null, "S12_049": 0, "乗客数増減_10年間": 0 }, "geometry": { "type": "MultiLineString", "coordinates": [ [ [ 138.94368, 37.59404 ], [ 138.94222, 37.59202 ] ] ] } },
{ "type": "Feature", "properties": { "fid": 105, "S12_001": "矢代田", "S12_001c": "001375", "S12_001g": "001375", "S12_002": "東日本旅客鉄道", "S12_003": "信越線", "S12_004": 11, "S12_005": 2, "S12_006": 1, "S12_007": 1, "S12_008": null, "S12_009": 2024, "S12_010": 1, "S12_011": 1, "S12_012": null, "S12_013": 2090, "S12_014": 1, "S12_015": 1, "S12_016": null, "S12_017": 2198, "S12_018": 1, "S12_019": 1, "S12_020": null, "S12_021": 2368, "S12_022": 1, "S12_023": 1, "S12_024": null, "S12_025": 2238, "S12_026": 1, "S12_027": 1, "S12_028": null, "S12_029": 2244, "S12_030": 1, "S12_031": 1, "S12_032": null, "S12_033": 2248, "S12_034": 1, "S12_035": 1, "S12_036": null, "S12_037": 2088, "S12_038": 1, "S12_039": 1, "S12_040": null, "S12_041": 2088, "S12_042": 1, "S12_043": 1, "S12_044": null, "S12_045": 1850, "S12_046": 1, "S12_047": 2, "S12_048": null, "S12_049": 0, "乗客数増減_10年間": -2024 }, "geometry": { "type": "MultiLineString", "coordinates": [ [ [ 139.09472, 37.74787 ], [ 139.09551, 37.7489 ], [ 139.09626, 37.74989 ] ] ] } },
{ "type": "Feature", "properties": { "fid": 106, "S12_001": "笠島", "S12_001c": "001540", "S12_001g": "001540", "S12_002": "東日本旅客鉄道", "S12_003": "信越線", "S12_004": 11, "S12_005": 2, "S12_006": 1, "S12_007": 3, "S12_008": null, "S12_009": 0, "S12_010": 1, "S12_011": 3, "S12_012": null, "S12_013": 0, "S12_014": 1, "S12_015": 3, "S12_016": null, "S12_017": 0, "S12_018": 1, "S12_019": 3, "S12_020": null, "S12_021": 0, "S12_022": 1, "S12_023": 3, "S12_024": null, "S12_025": 0, "S12_026": 1, "S12_027": 3, "S12_028": null, "S12_029": 0, "S12_030": 1, "S12_031": 3, "S12_032": null, "S12_033": 0, "S12_034": 1, "S12_035": 3, "S12_036": null, "S12_037": 0, "S12_038": 1, "S12_039": 2, "S12_040": null, "S12_041": 0, "S12_042": 1, "S12_043": 2, "S12_044": null, "S12_045": 0, "S12_046": 1, "S12_047": 2, "S12_048": null, "S12_049": 0, "乗客数増減_10年間": 0 }, "geometry": { "type": "MultiLineString", "coordinates": [ [ [ 138.46825, 37.33603 ], [ 138.46769, 37.33583 ], [ 138.46732, 37.33572 ], [ 138.46707, 37.33565 ], [ 138.46689, 37.33561 ], [ 138.46667, 37.33558 ], [ 138.46624, 37.33557 ], [ 138.46623, 37.33557 ] ] ] } },
{ "type": "Feature", "properties": { "fid": 107, "S12_001": "上越妙高", "S12_001c": "001645", "S12_001g": "001643", "S12_002": "えちごトキめき鉄道", "S12_003": "妙高はねうまライン", "S12_004": 12, "S12_005": 5, "S12_006": 1, "S12_007": 1, "S12_008": null, "S12_009": 238, "S12_010": 1, "S12_011": 1, "S12_012": null, "S12_013": 244, "S12_014": 1, "S12_015": 1, "S12_016": null, "S12_017": 242, "S12_018": 1, "S12_019": 1, "S12_020": "事業社名変更、改称", "S12_021": 139, "S12_022": 1, "S12_023": 1, "S12_024": null, "S12_025": 1876, "S12_026": 1, "S12_027": 1, "S12_028": null, "S12_029": 1829, "S12_030": 1, "S12_031": 1, "S12_032": null, "S12_033": 1868, "S12_034": 1, "S12_035": 1, "S12_036": null, "S12_037": 1868, "S12_038": 1, "S12_039": 1, "S12_040": null, "S12_041": 1706, "S12_042": 1, "S12_043": 1, "S12_044": null, "S12_045": 934, "S12_046": 1, "S12_047": 1, "S12_048": null, "S12_049": 571, "乗客数増減_10年間": 333 }, "geometry": { "type": "MultiLineString", "coordinates": [ [ [ 138.24858135, 37.0808445 ], [ 138.247561929999989, 37.08185152 ] ] ] } },
{ "type": "Feature", "properties": { "fid": 108, "S12_001": "羽生田", "S12_001c": "001392", "S12_001g": "001392", "S12_002": "東日本旅客鉄道", "S12_003": "信越線", "S12_004": 11, "S12_005": 2, "S12_006": 1, "S12_007": 1, "S12_008": null, "S12_009": 1322, "S12_010": 1, "S12_011": 1, "S12_012": null, "S12_013": 1258, "S12_014": 1, "S12_015": 1, "S12_016": null, "S12_017": 1224, "S12_018": 1, "S12_019": 1, "S12_020": null, "S12_021": 1224, "S12_022": 1, "S12_023": 1, "S12_024": null, "S12_025": 1154, "S12_026": 1, "S12_027": 1, "S12_028": null, "S12_029": 1140, "S12_030": 1, "S12_031": 1, "S12_032": null, "S12_033": 1032, "S12_034": 1, "S12_035": 1, "S12_036": null, "S12_037": 994, "S12_038": 1, "S12_039": 1, "S12_040": null, "S12_041": 994, "S12_042": 1, "S12_043": 1, "S12_044": null, "S12_045": 800, "S12_046": 1, "S12_047": 2, "S12_048": null, "S12_049": 0, "乗客数増減_10年間": -1322 }, "geometry": { "type": "MultiLineString", "coordinates": [ [ [ 139.06037, 37.69285 ], [ 139.06102, 37.69444 ] ] ] } },
{ "type": "Feature", "properties": { "fid": 109, "S12_001": "北長岡", "S12_001c": "001479", "S12_001g": "001479", "S12_002": "東日本旅客鉄道", "S12_003": "信越線", "S12_004": 11, "S12_005": 2, "S12_006": 1, "S12_007": 3, "S12_008": null, "S12_009": 0, "S12_010": 1, "S12_011": 3, "S12_012": null, "S12_013": 0, "S12_014": 1, "S12_015": 3, "S12_016": null, "S12_017": 0, "S12_018": 1, "S12_019": 3, "S12_020": null, "S12_021": 0, "S12_022": 1, "S12_023": 3, "S12_024": null, "S12_025": 0, "S12_026": 1, "S12_027": 3, "S12_028": null, "S12_029": 0, "S12_030": 1, "S12_031": 3, "S12_032": null, "S12_033": 0, "S12_034": 1, "S12_035": 3, "S12_036": null, "S12_037": 0, "S12_038": 1, "S12_039": 2, "S12_040": null, "S12_041": 0, "S12_042": 1, "S12_043": 2, "S12_044": null, "S12_045": 0, "S12_046": 1, "S12_047": 2, "S12_048": null, "S12_049": 0, "乗客数増減_10年間": 0 }, "geometry": { "type": "MultiLineString", "coordinates": [ [ [ 138.86285, 37.46995 ], [ 138.86199, 37.4677 ] ] ] } },
{ "type": "Feature", "properties": { "fid": 110, "S12_001": "青海川", "S12_001c": "001536", "S12_001g": "001536", "S12_002": "東日本旅客鉄道", "S12_003": "信越線", "S12_004": 11, "S12_005": 2, "S12_006": 1, "S12_007": 3, "S12_008": null, "S12_009": 0, "S12_010": 1, "S12_011": 3, "S12_012": null, "S12_013": 0, "S12_014": 1, "S12_015": 3, "S12_016": null, "S12_017": 0, "S12_018": 1, "S12_019": 3, "S12_020": null, "S12_021": 0, "S12_022": 1, "S12_023": 3, "S12_024": null, "S12_025": 0, "S12_026": 1, "S12_027": 3, "S12_028": null, "S12_029": 0, "S12_030": 1, "S12_031": 3, "S12_032": null, "S12_033": 0, "S12_034": 1, "S12_035": 3, "S12_036": null, "S12_037": 0, "S12_038": 1, "S12_039": 2, "S12_040": null, "S12_041": 0, "S12_042": 1, "S12_043": 2, "S12_044": null, "S12_045": 0, "S12_046": 1, "S12_047": 2, "S12_048": null, "S12_049": 0, "乗客数増減_10年間": 0 }, "geometry": { "type": "MultiLineString", "coordinates": [ [ [ 138.48695, 37.34651 ], [ 138.48552, 37.34587 ] ] ] } },
{ "type": "Feature", "properties": { "fid": 111, "S12_001": "南高田", "S12_001c": "001637", "S12_001g": "001637", "S12_002": "えちごトキめき鉄道", "S12_003": "妙高はねうまライン", "S12_004": 12, "S12_005": 5, "S12_006": 1, "S12_007": 3, "S12_008": null, "S12_009": 0, "S12_010": 1, "S12_011": 3, "S12_012": null, "S12_013": 0, "S12_014": 1, "S12_015": 3, "S12_016": null, "S12_017": 0, "S12_018": 1, "S12_019": 3, "S12_020": "事業社名変更", "S12_021": 896, "S12_022": 1, "S12_023": 1, "S12_024": null, "S12_025": 1607, "S12_026": 1, "S12_027": 1, "S12_028": null, "S12_029": 1566, "S12_030": 1, "S12_031": 1, "S12_032": null, "S12_033": 1670, "S12_034": 1, "S12_035": 1, "S12_036": null, "S12_037": 1658, "S12_038": 1, "S12_039": 1, "S12_040": null, "S12_041": 1708, "S12_042": 1, "S12_043": 1, "S12_044": null, "S12_045": 1518, "S12_046": 1, "S12_047": 1, "S12_048": null, "S12_049": 818, "乗客数増減_10年間": 818 }, "geometry": { "type": "MultiLineString", "coordinates": [ [ [ 138.24316, 37.09647 ], [ 138.24291, 37.09712 ] ] ] } },
{ "type": "Feature", "properties": { "fid": 112, "S12_001": "さつき野", "S12_001c": "001340", "S12_001g": "001340", "S12_002": "東日本旅客鉄道", "S12_003": "信越線", "S12_004": 11, "S12_005": 2, "S12_006": 1, "S12_007": 1, "S12_008": null, "S12_009": 1764, "S12_010": 1, "S12_011": 1, "S12_012": null, "S12_013": 1762, "S12_014": 1, "S12_015": 1, "S12_016": null, "S12_017": 1748, "S12_018": 1, "S12_019": 1, "S12_020": null, "S12_021": 1858, "S12_022": 1, "S12_023": 1, "S12_024": null, "S12_025": 1868, "S12_026": 1, "S12_027": 1, "S12_028": null, "S12_029": 1956, "S12_030": 1, "S12_031": 1, "S12_032": null, "S12_033": 1942, "S12_034": 1, "S12_035": 1, "S12_036": null, "S12_037": 1938, "S12_038": 1, "S12_039": 1, "S12_040": null, "S12_041": 1938, "S12_042": 1, "S12_043": 1, "S12_044": null, "S12_045": 1600, "S12_046": 1, "S12_047": 2, "S12_048": null, "S12_049": 0, "乗客数増減_10年間": -1764 }, "geometry": { "type": "MultiLineString", "coordinates": [ [ [ 139.11776, 37.81222 ], [ 139.11695, 37.81398 ] ] ] } },
{ "type": "Feature", "properties": { "fid": 113, "S12_001": "見附", "S12_001c": "001445", "S12_001g": "001445", "S12_002": "東日本旅客鉄道", "S12_003": "信越線", "S12_004": 11, "S12_005": 2, "S12_006": 1, "S12_007": 1, "S12_008": null, "S12_009": 4384, "S12_010": 1, "S12_011": 1, "S12_012": null, "S12_013": 4366, "S12_014": 1, "S12_015": 1, "S12_016": null, "S12_017": 4284, "S12_018": 1, "S12_019": 1, "S12_020": null, "S12_021": 4378, "S12_022": 1, "S12_023": 1, "S12_024": null, "S12_025": 4046, "S12_026": 1, "S12_027": 1, "S12_028": null, "S12_029": 4216, "S12_030": 1, "S12_031": 1, "S12_032": null, "S12_033": 4356, "S12_034": 1, "S12_035": 1, "S12_036": null, "S12_037": 4314, "S12_038": 1, "S12_039": 1, "S12_040": null, "S12_041": 4314, "S12_042": 1, "S12_043": 1, "S12_044": null, "S12_045": 3680, "S12_046": 1, "S12_047": 2, "S12_048": null, "S12_049": 0, "乗客数増減_10年間": -4384 }, "geometry": { "type": "MultiLineString", "coordinates": [ [ [ 138.90554, 37.54122 ], [ 138.90411, 37.53908 ] ] ] } },
{ "type": "Feature", "properties": { "fid": 114, "S12_001": "保内", "S12_001c": "001409", "S12_001g": "001409", "S12_002": "東日本旅客鉄道", "S12_003": "信越線", "S12_004": 11, "S12_005": 2, "S12_006": 1, "S12_007": 3, "S12_008": null, "S12_009": 0, "S12_010": 1, "S12_011": 3, "S12_012": null, "S12_013": 0, "S12_014": 1, "S12_015": 3, "S12_016": null, "S12_017": 0, "S12_018": 1, "S12_019": 3, "S12_020": null, "S12_021": 0, "S12_022": 1, "S12_023": 3, "S12_024": null, "S12_025": 0, "S12_026": 1, "S12_027": 3, "S12_028": null, "S12_029": 0, "S12_030": 1, "S12_031": 3, "S12_032": null, "S12_033": 0, "S12_034": 1, "S12_035": 3, "S12_036": null, "S12_037": 0, "S12_038": 1, "S12_039": 2, "S12_040": null, "S12_041": 0, "S12_042": 1, "S12_043": 2, "S12_044": null, "S12_045": 0, "S12_046": 1, "S12_047": 2, "S12_048": null, "S12_049": 0, "乗客数増減_10年間": 0 }, "geometry": { "type": "MultiLineString", "coordinates": [ [ [ 139.01537, 37.63959 ], [ 139.014, 37.63902 ] ] ] } },
{ "type": "Feature", "properties": { "fid": 115, "S12_001": "北条", "S12_001c": "001539", "S12_001g": "001539", "S12_002": "東日本旅客鉄道", "S12_003": "信越線", "S12_004": 11, "S12_005": 2, "S12_006": 1, "S12_007": 3, "S12_008": null, "S12_009": 0, "S12_010": 1, "S12_011": 3, "S12_012": null, "S12_013": 0, "S12_014": 1, "S12_015": 3, "S12_016": null, "S12_017": 0, "S12_018": 1, "S12_019": 3, "S12_020": null, "S12_021": 0, "S12_022": 1, "S12_023": 3, "S12_024": null, "S12_025": 0, "S12_026": 1, "S12_027": 3, "S12_028": null, "S12_029": 0, "S12_030": 1, "S12_031": 3, "S12_032": null, "S12_033": 0, "S12_034": 1, "S12_035": 3, "S12_036": null, "S12_037": 0, "S12_038": 1, "S12_039": 2, "S12_040": null, "S12_041": 0, "S12_042": 1, "S12_043": 2, "S12_044": null, "S12_045": 0, "S12_046": 1, "S12_047": 2, "S12_048": null, "S12_049": 0, "乗客数増減_10年間": 0 }, "geometry": { "type": "MultiLineString", "coordinates": [ [ [ 138.63757, 37.33892 ], [ 138.63642, 37.33767 ] ] ] } },
{ "type": "Feature", "properties": { "fid": 116, "S12_001": "越後広田", "S12_001c": "001526", "S12_001g": "001526", "S12_002": "東日本旅客鉄道", "S12_003": "信越線", "S12_004": 11, "S12_005": 2, "S12_006": 1, "S12_007": 3, "S12_008": null, "S12_009": 0, "S12_010": 1, "S12_011": 3, "S12_012": null, "S12_013": 0, "S12_014": 1, "S12_015": 3, "S12_016": null, "S12_017": 0, "S12_018": 1, "S12_019": 3, "S12_020": null, "S12_021": 0, "S12_022": 1, "S12_023": 3, "S12_024": null, "S12_025": 0, "S12_026": 1, "S12_027": 3, "S12_028": null, "S12_029": 0, "S12_030": 1, "S12_031": 3, "S12_032": null, "S12_033": 0, "S12_034": 1, "S12_035": 3, "S12_036": null, "S12_037": 0, "S12_038": 1, "S12_039": 2, "S12_040": null, "S12_041": 0, "S12_042": 1, "S12_043": 2, "S12_044": null, "S12_045": 0, "S12_046": 1, "S12_047": 2, "S12_048": null, "S12_049": 0, "乗客数増減_10年間": 0 }, "geometry": { "type": "MultiLineString", "coordinates": [ [ [ 138.66227, 37.3574 ], [ 138.66018, 37.35732 ] ] ] } },
{ "type": "Feature", "properties": { "fid": 117, "S12_001": "加茂", "S12_001c": "001403", "S12_001g": "001403", "S12_002": "東日本旅客鉄道", "S12_003": "信越線", "S12_004": 11, "S12_005": 2, "S12_006": 1, "S12_007": 1, "S12_008": null, "S12_009": 5888, "S12_010": 1, "S12_011": 1, "S12_012": null, "S12_013": 5790, "S12_014": 1, "S12_015": 1, "S12_016": null, "S12_017": 5766, "S12_018": 1, "S12_019": 1, "S12_020": null, "S12_021": 5972, "S12_022": 1, "S12_023": 1, "S12_024": null, "S12_025": 5516, "S12_026": 1, "S12_027": 1, "S12_028": null, "S12_029": 5646, "S12_030": 1, "S12_031": 1, "S12_032": null, "S12_033": 5702, "S12_034": 1, "S12_035": 1, "S12_036": null, "S12_037": 5548, "S12_038": 1, "S12_039": 1, "S12_040": null, "S12_041": 5548, "S12_042": 1, "S12_043": 1, "S12_044": null, "S12_045": 4330, "S12_046": 1, "S12_047": 2, "S12_048": null, "S12_049": 0, "乗客数増減_10年間": -5888 }, "geometry": { "type": "MultiLineString", "coordinates": [ [ [ 139.04976, 37.65978 ], [ 139.04815, 37.65791 ] ] ] } },
{ "type": "Feature", "properties": { "fid": 118, "S12_001": "茨目", "S12_001c": "001527", "S12_001g": "001527", "S12_002": "東日本旅客鉄道", "S12_003": "信越線", "S12_004": 11, "S12_005": 2, "S12_006": 1, "S12_007": 3, "S12_008": null, "S12_009": 0, "S12_010": 1, "S12_011": 3, "S12_012": null, "S12_013": 0, "S12_014": 1, "S12_015": 3, "S12_016": null, "S12_017": 0, "S12_018": 1, "S12_019": 3, "S12_020": null, "S12_021": 0, "S12_022": 1, "S12_023": 3, "S12_024": null, "S12_025": 0, "S12_026": 1, "S12_027": 3, "S12_028": null, "S12_029": 0, "S12_030": 1, "S12_031": 3, "S12_032": null, "S12_033": 0, "S12_034": 1, "S12_035": 3, "S12_036": null, "S12_037": 0, "S12_038": 1, "S12_039": 2, "S12_040": null, "S12_041": 0, "S12_042": 1, "S12_043": 2, "S12_044": null, "S12_045": 0, "S12_046": 1, "S12_047": 2, "S12_048": null, "S12_049": 0, "乗客数増減_10年間": 0 }, "geometry": { "type": "MultiLineString", "coordinates": [ [ [ 138.58618, 37.35726 ], [ 138.58731, 37.35684 ] ] ] } },
{ "type": "Feature", "properties": { "fid": 119, "S12_001": "高田", "S12_001c": "001632", "S12_001g": "001632", "S12_002": "えちごトキめき鉄道", "S12_003": "妙高はねうまライン", "S12_004": 12, "S12_005": 5, "S12_006": 1, "S12_007": 1, "S12_008": null, "S12_009": 4706, "S12_010": 1, "S12_011": 1, "S12_012": null, "S12_013": 4614, "S12_014": 1, "S12_015": 1, "S12_016": null, "S12_017": 4600, "S12_018": 1, "S12_019": 1, "S12_020": "事業社名変更", "S12_021": 2410, "S12_022": 1, "S12_023": 1, "S12_024": null, "S12_025": 4291, "S12_026": 1, "S12_027": 1, "S12_028": null, "S12_029": 4533, "S12_030": 1, "S12_031": 1, "S12_032": null, "S12_033": 4684, "S12_034": 1, "S12_035": 1, "S12_036": null, "S12_037": 4602, "S12_038": 1, "S12_039": 1, "S12_040": null, "S12_041": 4552, "S12_042": 1, "S12_043": 1, "S12_044": null, "S12_045": 3755, "S12_046": 1, "S12_047": 1, "S12_048": null, "S12_049": 1944, "乗客数増減_10年間": -2762 }, "geometry": { "type": "MultiLineString", "coordinates": [ [ [ 138.24185, 37.11351 ], [ 138.24208, 37.11573 ] ] ] } },
{ "type": "Feature", "properties": { "fid": 120, "S12_001": "塚山", "S12_001c": "001531", "S12_001g": "001531", "S12_002": "東日本旅客鉄道", "S12_003": "信越線", "S12_004": 11, "S12_005": 2, "S12_006": 1, "S12_007": 1, "S12_008": null, "S12_009": 474, "S12_010": 1, "S12_011": 1, "S12_012": null, "S12_013": 448, "S12_014": 1, "S12_015": 1, "S12_016": null, "S12_017": 468, "S12_018": 1, "S12_019": 1, "S12_020": null, "S12_021": 466, "S12_022": 1, "S12_023": 3, "S12_024": null, "S12_025": 0, "S12_026": 1, "S12_027": 3, "S12_028": null, "S12_029": 0, "S12_030": 1, "S12_031": 3, "S12_032": null, "S12_033": 0, "S12_034": 1, "S12_035": 3, "S12_036": null, "S12_037": 0, "S12_038": 1, "S12_039": 2, "S12_040": null, "S12_041": 0, "S12_042": 1, "S12_043": 2, "S12_044": null, "S12_045": 0, "S12_046": 1, "S12_047": 2, "S12_048": null, "S12_049": 0, "乗客数増減_10年間": -474 }, "geometry": { "type": "MultiLineString", "coordinates": [ [ [ 138.73098, 37.35563 ], [ 138.7289, 37.35467 ] ] ] } },
{ "type": "Feature", "properties": { "fid": 121, "S12_001": "古津", "S12_001c": "001362", "S12_001g": "001362", "S12_002": "東日本旅客鉄道", "S12_003": "信越線", "S12_004": 11, "S12_005": 2, "S12_006": 1, "S12_007": 3, "S12_008": null, "S12_009": 0, "S12_010": 1, "S12_011": 3, "S12_012": null, "S12_013": 0, "S12_014": 1, "S12_015": 3, "S12_016": null, "S12_017": 0, "S12_018": 1, "S12_019": 3, "S12_020": null, "S12_021": 0, "S12_022": 1, "S12_023": 3, "S12_024": null, "S12_025": 0, "S12_026": 1, "S12_027": 3, "S12_028": null, "S12_029": 0, "S12_030": 1, "S12_031": 3, "S12_032": null, "S12_033": 0, "S12_034": 1, "S12_035": 3, "S12_036": null, "S12_037": 0, "S12_038": 1, "S12_039": 2, "S12_040": null, "S12_041": 0, "S12_042": 1, "S12_043": 2, "S12_044": null, "S12_045": 0, "S12_046": 1, "S12_047": 2, "S12_048": null, "S12_049": 0, "乗客数増減_10年間": 0 }, "geometry": { "type": "MultiLineString", "coordinates": [ [ [ 139.11412, 37.7725 ], [ 139.11479, 37.7735 ] ] ] } },
{ "type": "Feature", "properties": { "fid": 122, "S12_001": "押切", "S12_001c": "001458", "S12_001g": "001458", "S12_002": "東日本旅客鉄道", "S12_003": "信越線", "S12_004": 11, "S12_005": 2, "S12_006": 1, "S12_007": 3, "S12_008": null, "S12_009": 0, "S12_010": 1, "S12_011": 3, "S12_012": null, "S12_013": 0, "S12_014": 1, "S12_015": 3, "S12_016": null, "S12_017": 0, "S12_018": 1, "S12_019": 3, "S12_020": null, "S12_021": 0, "S12_022": 1, "S12_023": 3, "S12_024": null, "S12_025": 0, "S12_026": 1, "S12_027": 3, "S12_028": null, "S12_029": 0, "S12_030": 1, "S12_031": 3, "S12_032": null, "S12_033": 0, "S12_034": 1, "S12_035": 3, "S12_036": null, "S12_037": 0, "S12_038": 1, "S12_039": 2, "S12_040": null, "S12_041": 0, "S12_042": 1, "S12_043": 2, "S12_044": null, "S12_045": 0, "S12_046": 1, "S12_047": 2, "S12_048": null, "S12_049": 0, "乗客数増減_10年間": 0 }, "geometry": { "type": "MultiLineString", "coordinates": [ [ [ 138.88178, 37.50587 ], [ 138.88065, 37.50401 ] ] ] } },
{ "type": "Feature", "properties": { "fid": 123, "S12_001": "帯織", "S12_001c": "001432", "S12_001g": "001432", "S12_002": "東日本旅客鉄道", "S12_003": "信越線", "S12_004": 11, "S12_005": 2, "S12_006": 1, "S12_007": 3, "S12_008": null, "S12_009": 0, "S12_010": 1, "S12_011": 3, "S12_012": null, "S12_013": 0, "S12_014": 1, "S12_015": 3, "S12_016": null, "S12_017": 0, "S12_018": 1, "S12_019": 3, "S12_020": null, "S12_021": 0, "S12_022": 1, "S12_023": 3, "S12_024": null, "S12_025": 0, "S12_026": 1, "S12_027": 3, "S12_028": null, "S12_029": 0, "S12_030": 1, "S12_031": 3, "S12_032": null, "S12_033": 0, "S12_034": 1, "S12_035": 3, "S12_036": null, "S12_037": 0, "S12_038": 1, "S12_039": 2, "S12_040": null, "S12_041": 0, "S12_042": 1, "S12_043": 2, "S12_044": null, "S12_045": 0, "S12_046": 1, "S12_047": 2, "S12_048": null, "S12_049": 0, "乗客数増減_10年間": 0 }, "geometry": { "type": "MultiLineString", "coordinates": [ [ [ 138.9291, 37.57379 ], [ 138.92802, 37.57222 ] ] ] } },
{ "type": "Feature", "properties": { "fid": 124, "S12_001": "長岡", "S12_001c": "001490", "S12_001g": "001489", "S12_002": "東日本旅客鉄道", "S12_003": "信越線", "S12_004": 11, "S12_005": 2, "S12_006": 1, "S12_007": 1, "S12_008": null, "S12_009": 21708, "S12_010": 1, "S12_011": 1, "S12_012": null, "S12_013": 21678, "S12_014": 1, "S12_015": 1, "S12_016": null, "S12_017": 22638, "S12_018": 1, "S12_019": 1, "S12_020": null, "S12_021": 23566, "S12_022": 1, "S12_023": 1, "S12_024": null, "S12_025": 25552, "S12_026": 1, "S12_027": 1, "S12_028": null, "S12_029": 23246, "S12_030": 1, "S12_031": 1, "S12_032": null, "S12_033": 23436, "S12_034": 1, "S12_035": 1, "S12_036": null, "S12_037": 23648, "S12_038": 1, "S12_039": 1, "S12_040": null, "S12_041": 23648, "S12_042": 1, "S12_043": 1, "S12_044": null, "S12_045": 15848, "S12_046": 1, "S12_047": 1, "S12_048": null, "S12_049": 16738, "乗客数増減_10年間": -4970 }, "geometry": { "type": "MultiLineString", "coordinates": [ [ [ 138.85473, 37.44968 ], [ 138.85322, 37.44585 ] ] ] } },
{ "type": "Feature", "properties": { "fid": 125, "S12_001": "東三条", "S12_001c": "001415", "S12_001g": "001415", "S12_002": "東日本旅客鉄道", "S12_003": "信越線", "S12_004": 11, "S12_005": 2, "S12_006": 1, "S12_007": 1, "S12_008": null, "S12_009": 5542, "S12_010": 1, "S12_011": 1, "S12_012": null, "S12_013": 5694, "S12_014": 1, "S12_015": 1, "S12_016": null, "S12_017": 5804, "S12_018": 1, "S12_019": 1, "S12_020": null, "S12_021": 5894, "S12_022": 1, "S12_023": 1, "S12_024": null, "S12_025": 5606, "S12_026": 1, "S12_027": 1, "S12_028": null, "S12_029": 5740, "S12_030": 1, "S12_031": 1, "S12_032": null, "S12_033": 5562, "S12_034": 1, "S12_035": 1, "S12_036": null, "S12_037": 5408, "S12_038": 1, "S12_039": 1, "S12_040": null, "S12_041": 5408, "S12_042": 1, "S12_043": 1, "S12_044": null, "S12_045": 4396, "S12_046": 1, "S12_047": 1, "S12_048": null, "S12_049": 4262, "乗客数増減_10年間": -1280 }, "geometry": { "type": "MultiLineString", "coordinates": [ [ [ 138.97668, 37.629 ], [ 138.97283, 37.62809 ] ] ] } },
{ "type": "Feature", "properties": { "fid": 126, "S12_001": "前川", "S12_001c": "001504", "S12_001g": "001504", "S12_002": "東日本旅客鉄道", "S12_003": "信越線", "S12_004": 11, "S12_005": 2, "S12_006": 1, "S12_007": 3, "S12_008": null, "S12_009": 0, "S12_010": 1, "S12_011": 3, "S12_012": null, "S12_013": 0, "S12_014": 1, "S12_015": 3, "S12_016": null, "S12_017": 0, "S12_018": 1, "S12_019": 3, "S12_020": null, "S12_021": 0, "S12_022": 1, "S12_023": 3, "S12_024": null, "S12_025": 0, "S12_026": 1, "S12_027": 3, "S12_028": null, "S12_029": 0, "S12_030": 1, "S12_031": 3, "S12_032": null, "S12_033": 0, "S12_034": 1, "S12_035": 3, "S12_036": null, "S12_037": 0, "S12_038": 1, "S12_039": 2, "S12_040": null, "S12_041": 0, "S12_042": 1, "S12_043": 2, "S12_044": null, "S12_045": 0, "S12_046": 1, "S12_047": 2, "S12_048": null, "S12_049": 0, "乗客数増減_10年間": 0 }, "geometry": { "type": "MultiLineString", "coordinates": [ [ [ 138.82339, 37.40115 ], [ 138.82441, 37.40238 ] ] ] } },
{ "type": "Feature", "properties": { "fid": 127, "S12_001": "潟町", "S12_001c": "001574", "S12_001g": "001574", "S12_002": "東日本旅客鉄道", "S12_003": "信越線", "S12_004": 11, "S12_005": 2, "S12_006": 1, "S12_007": 1, "S12_008": null, "S12_009": 424, "S12_010": 1, "S12_011": 1, "S12_012": null, "S12_013": 400, "S12_014": 1, "S12_015": 1, "S12_016": null, "S12_017": 378, "S12_018": 1, "S12_019": 1, "S12_020": null, "S12_021": 394, "S12_022": 1, "S12_023": 1, "S12_024": null, "S12_025": 370, "S12_026": 1, "S12_027": 1, "S12_028": null, "S12_029": 350, "S12_030": 1, "S12_031": 1, "S12_032": null, "S12_033": 356, "S12_034": 1, "S12_035": 1, "S12_036": null, "S12_037": 346, "S12_038": 1, "S12_039": 2, "S12_040": null, "S12_041": 0, "S12_042": 1, "S12_043": 2, "S12_044": null, "S12_045": 0, "S12_046": 1, "S12_047": 2, "S12_048": null, "S12_049": 0, "乗客数増減_10年間": -424 }, "geometry": { "type": "MultiLineString", "coordinates": [ [ [ 138.34065, 37.23484 ], [ 138.33915, 37.23357 ] ] ] } },
{ "type": "Feature", "properties": { "fid": 128, "S12_001": "越後石山", "S12_001c": "001308", "S12_001g": "001308", "S12_002": "東日本旅客鉄道", "S12_003": "信越線", "S12_004": 11, "S12_005": 2, "S12_006": 1, "S12_007": 1, "S12_008": null, "S12_009": 3984, "S12_010": 1, "S12_011": 1, "S12_012": null, "S12_013": 3928, "S12_014": 1, "S12_015": 1, "S12_016": null, "S12_017": 4002, "S12_018": 1, "S12_019": 1, "S12_020": null, "S12_021": 4064, "S12_022": 1, "S12_023": 1, "S12_024": null, "S12_025": 3954, "S12_026": 1, "S12_027": 1, "S12_028": null, "S12_029": 4044, "S12_030": 1, "S12_031": 1, "S12_032": null, "S12_033": 4132, "S12_034": 1, "S12_035": 1, "S12_036": null, "S12_037": 4044, "S12_038": 1, "S12_039": 1, "S12_040": null, "S12_041": 4044, "S12_042": 1, "S12_043": 1, "S12_044": null, "S12_045": 3160, "S12_046": 1, "S12_047": 2, "S12_048": null, "S12_049": 0, "乗客数増減_10年間": -3984 }, "geometry": { "type": "MultiLineString", "coordinates": [ [ [ 139.09614, 37.89581 ], [ 139.09481, 37.89692 ] ] ] } },
{ "type": "Feature", "properties": { "fid": 129, "S12_001": "米山", "S12_001c": "001546", "S12_001g": "001546", "S12_002": "東日本旅客鉄道", "S12_003": "信越線", "S12_004": 11, "S12_005": 2, "S12_006": 1, "S12_007": 3, "S12_008": null, "S12_009": 0, "S12_010": 1, "S12_011": 3, "S12_012": null, "S12_013": 0, "S12_014": 1, "S12_015": 3, "S12_016": null, "S12_017": 0, "S12_018": 1, "S12_019": 3, "S12_020": null, "S12_021": 0, "S12_022": 1, "S12_023": 3, "S12_024": null, "S12_025": 0, "S12_026": 1, "S12_027": 3, "S12_028": null, "S12_029": 0, "S12_030": 1, "S12_031": 3, "S12_032": null, "S12_033": 0, "S12_034": 1, "S12_035": 3, "S12_036": null, "S12_037": 0, "S12_038": 1, "S12_039": 2, "S12_040": null, "S12_041": 0, "S12_042": 1, "S12_043": 2, "S12_044": null, "S12_045": 0, "S12_046": 1, "S12_047": 2, "S12_048": null, "S12_049": 0, "乗客数増減_10年間": 0 }, "geometry": { "type": "MultiLineString", "coordinates": [ [ [ 138.43235, 37.31754 ], [ 138.43234, 37.31754 ], [ 138.43058, 37.31618 ], [ 138.43057, 37.31617 ] ] ] } },
{ "type": "Feature", "properties": { "fid": 130, "S12_001": "春日山", "S12_001c": "001613", "S12_001g": "001613", "S12_002": "えちごトキめき鉄道", "S12_003": "妙高はねうまライン", "S12_004": 12, "S12_005": 5, "S12_006": 1, "S12_007": 1, "S12_008": null, "S12_009": 1270, "S12_010": 1, "S12_011": 1, "S12_012": null, "S12_013": 1362, "S12_014": 1, "S12_015": 1, "S12_016": null, "S12_017": 1426, "S12_018": 1, "S12_019": 1, "S12_020": "事業社名変更", "S12_021": 732, "S12_022": 1, "S12_023": 1, "S12_024": null, "S12_025": 1395, "S12_026": 1, "S12_027": 1, "S12_028": null, "S12_029": 1522, "S12_030": 1, "S12_031": 1, "S12_032": null, "S12_033": 1556, "S12_034": 1, "S12_035": 1, "S12_036": null, "S12_037": 1566, "S12_038": 1, "S12_039": 1, "S12_040": null, "S12_041": 1576, "S12_042": 1, "S12_043": 1, "S12_044": null, "S12_045": 1331, "S12_046": 1, "S12_047": 1, "S12_048": null, "S12_049": 665, "乗客数増減_10年間": -605 }, "geometry": { "type": "MultiLineString", "coordinates": [ [ [ 138.23501, 37.14868 ], [ 138.23509, 37.14728 ] ] ] } },
{ "type": "Feature", "properties": { "fid": 131, "S12_001": "上下浜", "S12_001c": "001567", "S12_001g": "001567", "S12_002": "東日本旅客鉄道", "S12_003": "信越線", "S12_004": 11, "S12_005": 2, "S12_006": 1, "S12_007": 3, "S12_008": null, "S12_009": 0, "S12_010": 1, "S12_011": 3, "S12_012": null, "S12_013": 0, "S12_014": 1, "S12_015": 3, "S12_016": null, "S12_017": 0, "S12_018": 1, "S12_019": 3, "S12_020": null, "S12_021": 0, "S12_022": 1, "S12_023": 3, "S12_024": null, "S12_025": 0, "S12_026": 1, "S12_027": 3, "S12_028": null, "S12_029": 0, "S12_030": 1, "S12_031": 3, "S12_032": null, "S12_033": 0, "S12_034": 1, "S12_035": 3, "S12_036": null, "S12_037": 0, "S12_038": 1, "S12_039": 2, "S12_040": null, "S12_041": 0, "S12_042": 1, "S12_043": 2, "S12_044": null, "S12_045": 0, "S12_046": 1, "S12_047": 2, "S12_048": null, "S12_049": 0, "乗客数増減_10年間": 0 }, "geometry": { "type": "MultiLineString", "coordinates": [ [ [ 138.3623, 37.25288 ], [ 138.36106, 37.25188 ] ] ] } },
{ "type": "Feature", "properties": { "fid": 132, "S12_001": "越後岩塚", "S12_001c": "001517", "S12_001g": "001517", "S12_002": "東日本旅客鉄道", "S12_003": "信越線", "S12_004": 11, "S12_005": 2, "S12_006": 1, "S12_007": 3, "S12_008": null, "S12_009": 0, "S12_010": 1, "S12_011": 3, "S12_012": null, "S12_013": 0, "S12_014": 1, "S12_015": 3, "S12_016": null, "S12_017": 0, "S12_018": 1, "S12_019": 3, "S12_020": null, "S12_021": 0, "S12_022": 1, "S12_023": 3, "S12_024": null, "S12_025": 0, "S12_026": 1, "S12_027": 3, "S12_028": null, "S12_029": 0, "S12_030": 1, "S12_031": 3, "S12_032": null, "S12_033": 0, "S12_034": 1, "S12_035": 3, "S12_036": null, "S12_037": 0, "S12_038": 1, "S12_039": 2, "S12_040": null, "S12_041": 0, "S12_042": 1, "S12_043": 2, "S12_044": null, "S12_045": 0, "S12_046": 1, "S12_047": 2, "S12_048": null, "S12_049": 0, "乗客数増減_10年間": 0 }, "geometry": { "type": "MultiLineString", "coordinates": [ [ [ 138.75591, 37.3852 ], [ 138.75655, 37.38665 ], [ 138.75678, 37.38716 ] ] ] } },
{ "type": "Feature", "properties": { "fid": 133, "S12_001": "来迎寺", "S12_001c": "001510", "S12_001g": "001510", "S12_002": "東日本旅客鉄道", "S12_003": "信越線", "S12_004": 11, "S12_005": 2, "S12_006": 1, "S12_007": 1, "S12_008": null, "S12_009": 988, "S12_010": 1, "S12_011": 1, "S12_012": null, "S12_013": 972, "S12_014": 1, "S12_015": 1, "S12_016": null, "S12_017": 1034, "S12_018": 1, "S12_019": 1, "S12_020": null, "S12_021": 1036, "S12_022": 1, "S12_023": 1, "S12_024": null, "S12_025": 986, "S12_026": 1, "S12_027": 1, "S12_028": null, "S12_029": 1054, "S12_030": 1, "S12_031": 1, "S12_032": null, "S12_033": 1104, "S12_034": 1, "S12_035": 1, "S12_036": null, "S12_037": 1124, "S12_038": 1, "S12_039": 1, "S12_040": null, "S12_041": 1124, "S12_042": 1, "S12_043": 1, "S12_044": null, "S12_045": 976, "S12_046": 1, "S12_047": 2, "S12_048": null, "S12_049": 0, "乗客数増減_10年間": -988 }, "geometry": { "type": "MultiLineString", "coordinates": [ [ [ 138.78202, 37.3974 ], [ 138.78355, 37.39724 ], [ 138.78378, 37.39722 ], [ 138.78432, 37.39716 ], [ 138.78529, 37.39707 ] ] ] } },
{ "type": "Feature", "properties": { "fid": 134, "S12_001": "鯨波", "S12_001c": "001530", "S12_001g": "001530", "S12_002": "東日本旅客鉄道", "S12_003": "信越線", "S12_004": 11, "S12_005": 2, "S12_006": 1, "S12_007": 3, "S12_008": null, "S12_009": 0, "S12_010": 1, "S12_011": 3, "S12_012": null, "S12_013": 0, "S12_014": 1, "S12_015": 3, "S12_016": null, "S12_017": 0, "S12_018": 1, "S12_019": 3, "S12_020": null, "S12_021": 0, "S12_022": 1, "S12_023": 3, "S12_024": null, "S12_025": 0, "S12_026": 1, "S12_027": 3, "S12_028": null, "S12_029": 0, "S12_030": 1, "S12_031": 3, "S12_032": null, "S12_033": 0, "S12_034": 1, "S12_035": 3, "S12_036": null, "S12_037": 0, "S12_038": 1, "S12_039": 2, "S12_040": null, "S12_041": 0, "S12_042": 1, "S12_043": 2, "S12_044": null, "S12_045": 0, "S12_046": 1, "S12_047": 2, "S12_048": null, "S12_049": 0, "乗客数増減_10年間": 0 }, "geometry": { "type": "MultiLineString", "coordinates": [ [ [ 138.51632, 37.35566 ], [ 138.51839, 37.35604 ] ] ] } },
{ "type": "Feature", "properties": { "fid": 135, "S12_001": "土底浜", "S12_001c": "001579", "S12_001g": "001579", "S12_002": "東日本旅客鉄道", "S12_003": "信越線", "S12_004": 11, "S12_005": 2, "S12_006": 1, "S12_007": 3, "S12_008": null, "S12_009": 0, "S12_010": 1, "S12_011": 3, "S12_012": null, "S12_013": 0, "S12_014": 1, "S12_015": 3, "S12_016": null, "S12_017": 0, "S12_018": 1, "S12_019": 3, "S12_020": null, "S12_021": 0, "S12_022": 1, "S12_023": 3, "S12_024": null, "S12_025": 0, "S12_026": 1, "S12_027": 3, "S12_028": null, "S12_029": 0, "S12_030": 1, "S12_031": 3, "S12_032": null, "S12_033": 0, "S12_034": 1, "S12_035": 3, "S12_036": null, "S12_037": 0, "S12_038": 1, "S12_039": 2, "S12_040": null, "S12_041": 0, "S12_042": 1, "S12_043": 2, "S12_044": null, "S12_045": 0, "S12_046": 1, "S12_047": 2, "S12_048": null, "S12_049": 0, "乗客数増減_10年間": 0 }, "geometry": { "type": "MultiLineString", "coordinates": [ [ [ 138.32514, 37.22298 ], [ 138.32449, 37.22258 ] ] ] } },
{ "type": "Feature", "properties": { "fid": 136, "S12_001": "北新井", "S12_001c": "001662", "S12_001g": "001662", "S12_002": "えちごトキめき鉄道", "S12_003": "妙高はねうまライン", "S12_004": 12, "S12_005": 5, "S12_006": 1, "S12_007": 3, "S12_008": null, "S12_009": 0, "S12_010": 1, "S12_011": 3, "S12_012": null, "S12_013": 0, "S12_014": 1, "S12_015": 3, "S12_016": null, "S12_017": 0, "S12_018": 1, "S12_019": 3, "S12_020": "事業社名変更", "S12_021": 252, "S12_022": 1, "S12_023": 1, "S12_024": null, "S12_025": 508, "S12_026": 1, "S12_027": 1, "S12_028": null, "S12_029": 511, "S12_030": 1, "S12_031": 1, "S12_032": null, "S12_033": 512, "S12_034": 1, "S12_035": 1, "S12_036": null, "S12_037": 496, "S12_038": 1, "S12_039": 1, "S12_040": null, "S12_041": 480, "S12_042": 1, "S12_043": 1, "S12_044": null, "S12_045": 384, "S12_046": 1, "S12_047": 1, "S12_048": null, "S12_049": 204, "乗客数増減_10年間": 204 }, "geometry": { "type": "MultiLineString", "coordinates": [ [ [ 138.25775, 37.05256 ], [ 138.25767, 37.05324 ] ] ] } },
{ "type": "Feature", "properties": { "fid": 137, "S12_001": "三条", "S12_001c": "001418", "S12_001g": "001418", "S12_002": "東日本旅客鉄道", "S12_003": "信越線", "S12_004": 11, "S12_005": 2, "S12_006": 1, "S12_007": 1, "S12_008": null, "S12_009": 3518, "S12_010": 1, "S12_011": 1, "S12_012": null, "S12_013": 3452, "S12_014": 1, "S12_015": 1, "S12_016": null, "S12_017": 3478, "S12_018": 1, "S12_019": 1, "S12_020": null, "S12_021": 3684, "S12_022": 1, "S12_023": 1, "S12_024": null, "S12_025": 3372, "S12_026": 1, "S12_027": 1, "S12_028": null, "S12_029": 3320, "S12_030": 1, "S12_031": 1, "S12_032": null, "S12_033": 3444, "S12_034": 1, "S12_035": 1, "S12_036": null, "S12_037": 3740, "S12_038": 1, "S12_039": 1, "S12_040": null, "S12_041": 3740, "S12_042": 1, "S12_043": 1, "S12_044": null, "S12_045": 3260, "S12_046": 1, "S12_047": 2, "S12_048": null, "S12_049": 0, "乗客数増減_10年間": -3518 }, "geometry": { "type": "MultiLineString", "coordinates": [ [ [ 138.96112, 37.6221 ], [ 138.96064, 37.62036 ] ] ] } },
{ "type": "Feature", "properties": { "fid": 138, "S12_001": "柏崎", "S12_001c": "001524", "S12_001g": "001523", "S12_002": "東日本旅客鉄道", "S12_003": "信越線", "S12_004": 11, "S12_005": 2, "S12_006": 1, "S12_007": 1, "S12_008": null, "S12_009": 3992, "S12_010": 1, "S12_011": 1, "S12_012": null, "S12_013": 3874, "S12_014": 1, "S12_015": 1, "S12_016": null, "S12_017": 3822, "S12_018": 1, "S12_019": 1, "S12_020": null, "S12_021": 3808, "S12_022": 1, "S12_023": 1, "S12_024": null, "S12_025": 3592, "S12_026": 1, "S12_027": 1, "S12_028": null, "S12_029": 3478, "S12_030": 1, "S12_031": 1, "S12_032": null, "S12_033": 3342, "S12_034": 1, "S12_035": 1, "S12_036": null, "S12_037": 28633, "S12_038": 1, "S12_039": 1, "S12_040": null, "S12_041": 3314, "S12_042": 1, "S12_043": 1, "S12_044": null, "S12_045": 2362, "S12_046": 1, "S12_047": 1, "S12_048": null, "S12_049": 2372, "乗客数増減_10年間": -1620 }, "geometry": { "type": "MultiLineString", "coordinates": [ [ [ 138.5548, 37.36333 ], [ 138.55804, 37.36378 ] ] ] } },
{ "type": "Feature", "properties": { "fid": 139, "S12_001": "新井", "S12_001c": "001675", "S12_001g": "001675", "S12_002": "えちごトキめき鉄道", "S12_003": "妙高はねうまライン", "S12_004": 12, "S12_005": 5, "S12_006": 1, "S12_007": 1, "S12_008": null, "S12_009": 2588, "S12_010": 1, "S12_011": 1, "S12_012": null, "S12_013": 2444, "S12_014": 1, "S12_015": 1, "S12_016": null, "S12_017": 2336, "S12_018": 1, "S12_019": 1, "S12_020": "事業社名変更", "S12_021": 1196, "S12_022": 1, "S12_023": 1, "S12_024": null, "S12_025": 2033, "S12_026": 1, "S12_027": 1, "S12_028": null, "S12_029": 1994, "S12_030": 1, "S12_031": 1, "S12_032": null, "S12_033": 1946, "S12_034": 1, "S12_035": 1, "S12_036": null, "S12_037": 2006, "S12_038": 1, "S12_039": 1, "S12_040": null, "S12_041": 1946, "S12_042": 1, "S12_043": 1, "S12_044": null, "S12_045": 1457, "S12_046": 1, "S12_047": 1, "S12_048": null, "S12_049": 726, "乗客数増減_10年間": -1862 }, "geometry": { "type": "MultiLineString", "coordinates": [ [ [ 138.25577, 37.02591 ], [ 138.25549, 37.02756 ] ] ] } },
{ "type": "Feature", "properties": { "fid": 140, "S12_001": "二本木", "S12_001c": "001691", "S12_001g": "001691", "S12_002": "えちごトキめき鉄道", "S12_003": "妙高はねうまライン", "S12_004": 12, "S12_005": 5, "S12_006": 1, "S12_007": 1, "S12_008": null, "S12_009": 294, "S12_010": 1, "S12_011": 1, "S12_012": null, "S12_013": 290, "S12_014": 1, "S12_015": 1, "S12_016": null, "S12_017": 282, "S12_018": 1, "S12_019": 1, "S12_020": "事業社名変更", "S12_021": 150, "S12_022": 1, "S12_023": 1, "S12_024": null, "S12_025": 288, "S12_026": 1, "S12_027": 1, "S12_028": null, "S12_029": 282, "S12_030": 1, "S12_031": 1, "S12_032": null, "S12_033": 280, "S12_034": 1, "S12_035": 1, "S12_036": null, "S12_037": 240, "S12_038": 1, "S12_039": 1, "S12_040": null, "S12_041": 228, "S12_042": 1, "S12_043": 1, "S12_044": null, "S12_045": 163, "S12_046": 1, "S12_047": 1, "S12_048": null, "S12_049": 75, "乗客数増減_10年間": -219 }, "geometry": { "type": "MultiLineString", "coordinates": [ [ [ 138.23303, 36.9904 ], [ 138.23283, 36.99009 ], [ 138.2327, 36.98985 ], [ 138.23265, 36.9897 ], [ 138.23236, 36.98869 ] ] ] } },
{ "type": "Feature", "properties": { "fid": 141, "S12_001": "黒井", "S12_001c": "001594", "S12_001g": "001594", "S12_002": "東日本旅客鉄道", "S12_003": "信越線", "S12_004": 11, "S12_005": 2, "S12_006": 1, "S12_007": 3, "S12_008": null, "S12_009": 0, "S12_010": 1, "S12_011": 3, "S12_012": null, "S12_013": 0, "S12_014": 1, "S12_015": 3, "S12_016": null, "S12_017": 0, "S12_018": 1, "S12_019": 3, "S12_020": null, "S12_021": 0, "S12_022": 1, "S12_023": 3, "S12_024": null, "S12_025": 0, "S12_026": 1, "S12_027": 3, "S12_028": null, "S12_029": 0, "S12_030": 1, "S12_031": 3, "S12_032": null, "S12_033": 0, "S12_034": 1, "S12_035": 3, "S12_036": null, "S12_037": 0, "S12_038": 1, "S12_039": 2, "S12_040": null, "S12_041": 0, "S12_042": 1, "S12_043": 2, "S12_044": null, "S12_045": 0, "S12_046": 1, "S12_047": 2, "S12_048": null, "S12_049": 0, "乗客数増減_10年間": 0 }, "geometry": { "type": "MultiLineString", "coordinates": [ [ [ 138.26759, 37.18335 ], [ 138.2678, 37.18359 ], [ 138.26912, 37.18514 ] ] ] } },
{ "type": "Feature", "properties": { "fid": 142, "S12_001": "荻川", "S12_001c": "001330", "S12_001g": "001330", "S12_002": "東日本旅客鉄道", "S12_003": "信越線", "S12_004": 11, "S12_005": 2, "S12_006": 1, "S12_007": 1, "S12_008": null, "S12_009": 3814, "S12_010": 1, "S12_011": 1, "S12_012": null, "S12_013": 3718, "S12_014": 1, "S12_015": 1, "S12_016": null, "S12_017": 3750, "S12_018": 1, "S12_019": 1, "S12_020": null, "S12_021": 3848, "S12_022": 1, "S12_023": 1, "S12_024": null, "S12_025": 3666, "S12_026": 1, "S12_027": 1, "S12_028": null, "S12_029": 3784, "S12_030": 1, "S12_031": 1, "S12_032": null, "S12_033": 3814, "S12_034": 1, "S12_035": 1, "S12_036": null, "S12_037": 3844, "S12_038": 1, "S12_039": 1, "S12_040": null, "S12_041": 3844, "S12_042": 1, "S12_043": 1, "S12_044": null, "S12_045": 3322, "S12_046": 1, "S12_047": 2, "S12_048": null, "S12_049": 0, "乗客数増減_10年間": -3814 }, "geometry": { "type": "MultiLineString", "coordinates": [ [ [ 139.11181, 37.83168 ], [ 139.11145, 37.83348 ] ] ] } },
{ "type": "Feature", "properties": { "fid": 143, "S12_001": "亀田", "S12_001c": "001316", "S12_001g": "001316", "S12_002": "東日本旅客鉄道", "S12_003": "信越線", "S12_004": 11, "S12_005": 2, "S12_006": 1, "S12_007": 1, "S12_008": null, "S12_009": 10042, "S12_010": 1, "S12_011": 1, "S12_012": null, "S12_013": 10328, "S12_014": 1, "S12_015": 1, "S12_016": null, "S12_017": 10394, "S12_018": 1, "S12_019": 1, "S12_020": null, "S12_021": 10950, "S12_022": 1, "S12_023": 1, "S12_024": null, "S12_025": 10392, "S12_026": 1, "S12_027": 1, "S12_028": null, "S12_029": 10804, "S12_030": 1, "S12_031": 1, "S12_032": null, "S12_033": 10806, "S12_034": 1, "S12_035": 1, "S12_036": null, "S12_037": 10756, "S12_038": 1, "S12_039": 1, "S12_040": null, "S12_041": 10756, "S12_042": 1, "S12_043": 1, "S12_044": null, "S12_045": 9118, "S12_046": 1, "S12_047": 1, "S12_048": null, "S12_049": 9080, "乗客数増減_10年間": -962 }, "geometry": { "type": "MultiLineString", "coordinates": [ [ [ 139.10905, 37.87569 ], [ 139.10824, 37.87718 ], [ 139.10743, 37.87868 ] ] ] } },
{ "type": "Feature", "properties": { "fid": 144, "S12_001": "柿崎", "S12_001c": "001554", "S12_001g": "001554", "S12_002": "東日本旅客鉄道", "S12_003": "信越線", "S12_004": 11, "S12_005": 2, "S12_006": 1, "S12_007": 1, "S12_008": null, "S12_009": 1318, "S12_010": 1, "S12_011": 1, "S12_012": null, "S12_013": 1278, "S12_014": 1, "S12_015": 1, "S12_016": null, "S12_017": 1236, "S12_018": 1, "S12_019": 1, "S12_020": null, "S12_021": 1316, "S12_022": 1, "S12_023": 1, "S12_024": null, "S12_025": 1248, "S12_026": 1, "S12_027": 1, "S12_028": null, "S12_029": 1256, "S12_030": 1, "S12_031": 1, "S12_032": null, "S12_033": 1186, "S12_034": 1, "S12_035": 1, "S12_036": null, "S12_037": 988, "S12_038": 1, "S12_039": 1, "S12_040": null, "S12_041": 988, "S12_042": 1, "S12_043": 1, "S12_044": null, "S12_045": 750, "S12_046": 1, "S12_047": 2, "S12_048": null, "S12_049": 0, "乗客数増減_10年間": -1318 }, "geometry": { "type": "MultiLineString", "coordinates": [ [ [ 138.38645, 37.27849 ], [ 138.38539, 37.27707 ] ] ] } },
{ "type": "Feature", "properties": { "fid": 145, "S12_001": "長鳥", "S12_001c": "001521", "S12_001g": "001521", "S12_002": "東日本旅客鉄道", "S12_003": "信越線", "S12_004": 11, "S12_005": 2, "S12_006": 1, "S12_007": 3, "S12_008": null, "S12_009": 0, "S12_010": 1, "S12_011": 3, "S12_012": null, "S12_013": 0, "S12_014": 1, "S12_015": 3, "S12_016": null, "S12_017": 0, "S12_018": 1, "S12_019": 3, "S12_020": null, "S12_021": 0, "S12_022": 1, "S12_023": 3, "S12_024": null, "S12_025": 0, "S12_026": 1, "S12_027": 3, "S12_028": null, "S12_029": 0, "S12_030": 1, "S12_031": 3, "S12_032": null, "S12_033": 0, "S12_034": 1, "S12_035": 3, "S12_036": null, "S12_037": 0, "S12_038": 1, "S12_039": 2, "S12_040": null, "S12_041": 0, "S12_042": 1, "S12_043": 2, "S12_044": null, "S12_045": 0, "S12_046": 1, "S12_047": 2, "S12_048": null, "S12_049": 0, "乗客数増減_10年間": 0 }, "geometry": { "type": "MultiLineString", "coordinates": [ [ [ 138.68461, 37.36598 ], [ 138.6836, 37.36686 ] ] ] } },
{ "type": "Feature", "properties": { "fid": 146, "S12_001": "田上", "S12_001c": "001384", "S12_001g": "001384", "S12_002": "東日本旅客鉄道", "S12_003": "信越線", "S12_004": 11, "S12_005": 2, "S12_006": 1, "S12_007": 3, "S12_008": null, "S12_009": 0, "S12_010": 1, "S12_011": 3, "S12_012": null, "S12_013": 0, "S12_014": 1, "S12_015": 3, "S12_016": null, "S12_017": 0, "S12_018": 1, "S12_019": 3, "S12_020": null, "S12_021": 0, "S12_022": 1, "S12_023": 3, "S12_024": null, "S12_025": 0, "S12_026": 1, "S12_027": 3, "S12_028": null, "S12_029": 0, "S12_030": 1, "S12_031": 3, "S12_032": null, "S12_033": 0, "S12_034": 1, "S12_035": 3, "S12_036": null, "S12_037": 0, "S12_038": 1, "S12_039": 2, "S12_040": null, "S12_041": 0, "S12_042": 1, "S12_043": 2, "S12_044": null, "S12_045": 0, "S12_046": 1, "S12_047": 2, "S12_048": null, "S12_049": 0, "乗客数増減_10年間": 0 }, "geometry": { "type": "MultiLineString", "coordinates": [ [ [ 139.07402, 37.71817 ], [ 139.07512, 37.71988 ] ] ] } },
{ "type": "Feature", "properties": { "fid": 147, "S12_001": "安田", "S12_001c": "001538", "S12_001g": "001538", "S12_002": "東日本旅客鉄道", "S12_003": "信越線", "S12_004": 11, "S12_005": 2, "S12_006": 1, "S12_007": 1, "S12_008": null, "S12_009": 556, "S12_010": 1, "S12_011": 1, "S12_012": null, "S12_013": 580, "S12_014": 1, "S12_015": 1, "S12_016": null, "S12_017": 670, "S12_018": 1, "S12_019": 1, "S12_020": null, "S12_021": 694, "S12_022": 1, "S12_023": 1, "S12_024": null, "S12_025": 626, "S12_026": 1, "S12_027": 1, "S12_028": null, "S12_029": 592, "S12_030": 1, "S12_031": 1, "S12_032": null, "S12_033": 630, "S12_034": 1, "S12_035": 1, "S12_036": null, "S12_037": 738, "S12_038": 1, "S12_039": 1, "S12_040": null, "S12_041": 738, "S12_042": 1, "S12_043": 1, "S12_044": null, "S12_045": 670, "S12_046": 1, "S12_047": 2, "S12_048": null, "S12_049": 0, "乗客数増減_10年間": -556 }, "geometry": { "type": "MultiLineString", "coordinates": [ [ [ 138.61173, 37.34147 ], [ 138.6126, 37.34078 ] ] ] } },
{ "type": "Feature", "properties": { "fid": 148, "S12_001": "直江津", "S12_001c": "001600", "S12_001g": "001600", "S12_002": "東日本旅客鉄道", "S12_003": "信越線", "S12_004": 11, "S12_005": 2, "S12_006": 1, "S12_007": 1, "S12_008": "西日本旅客鉄道、北陸線を含む", "S12_009": 5468, "S12_010": 1, "S12_011": 1, "S12_012": "西日本旅客鉄道、北陸線を含む", "S12_013": 5440, "S12_014": 1, "S12_015": 1, "S12_016": "西日本旅客鉄道、北陸線を含む", "S12_017": 5488, "S12_018": 1, "S12_019": 1, "S12_020": "えちごトキめき鉄道、日本海ひすいラインを含む", "S12_021": 2741, "S12_022": 1, "S12_023": 1, "S12_024": "えちごトキめき鉄道、日本海ひすいラインを含む", "S12_025": 5204, "S12_026": 1, "S12_027": 1, "S12_028": "えちごトキめき鉄道、日本海ひすいラインを含む", "S12_029": 4674, "S12_030": 1, "S12_031": 1, "S12_032": "えちごトキめき鉄道、日本海ひすいラインを含む", "S12_033": 4578, "S12_034": 1, "S12_035": 1, "S12_036": "えちごトキめき鉄道、日本海ひすいラインを含む", "S12_037": 3074, "S12_038": 1, "S12_039": 1, "S12_040": "えちごトキめき鉄道・日本海ひすいライン、妙高はねうまラインを含む", "S12_041": 7240, "S12_042": 1, "S12_043": 1, "S12_044": "えちごトキめき鉄道・日本海ひすいライン、妙高はねうまラインを含む", "S12_045": 5307, "S12_046": 1, "S12_047": 1, "S12_048": null, "S12_049": 0, "乗客数増減_10年間": -5468 }, "geometry": { "type": "MultiLineString", "coordinates": [ [ [ 138.2436, 37.17106 ], [ 138.24239, 37.17035 ], [ 138.24128, 37.1697 ], [ 138.24087, 37.16945 ] ] ] } },
{ "type": "Feature", "properties": { "fid": 149, "S12_001": "犀潟", "S12_001c": "001583", "S12_001g": "001583", "S12_002": "東日本旅客鉄道", "S12_003": "信越線", "S12_004": 11, "S12_005": 2, "S12_006": 1, "S12_007": 1, "S12_008": "北越急行、ほくほく線を含む", "S12_009": 850, "S12_010": 1, "S12_011": 1, "S12_012": "北越急行、ほくほく線を含む", "S12_013": 850, "S12_014": 1, "S12_015": 1, "S12_016": "北越急行、ほくほく線を含む", "S12_017": 9176, "S12_018": 1, "S12_019": 1, "S12_020": "北越急行、ほくほく線を含む", "S12_021": 936, "S12_022": 1, "S12_023": 1, "S12_024": "北越急行、ほくほく線を含む", "S12_025": 968, "S12_026": 1, "S12_027": 1, "S12_028": "北越急行、ほくほく線を含む", "S12_029": 968, "S12_030": 1, "S12_031": 1, "S12_032": "北越急行、ほくほく線を含む", "S12_033": 1438, "S12_034": 1, "S12_035": 1, "S12_036": "北越急行、ほくほく線を含む", "S12_037": 1388, "S12_038": 1, "S12_039": 1, "S12_040": "北越急行、ほくほく線を含む", "S12_041": 1388, "S12_042": 1, "S12_043": 1, "S12_044": "北越急行、ほくほく線を含む", "S12_045": 1242, "S12_046": 1, "S12_047": 2, "S12_048": "北越急行、ほくほく線を含む", "S12_049": 0, "乗客数増減_10年間": -850 }, "geometry": { "type": "MultiLineString", "coordinates": [ [ [ 138.30433, 37.2097 ], [ 138.30559, 37.2105 ] ] ] } },
{ "type": "Feature", "properties": { "fid": 150, "S12_001": "関山", "S12_001c": "001719", "S12_001g": "001719", "S12_002": "えちごトキめき鉄道", "S12_003": "妙高はねうまライン", "S12_004": 12, "S12_005": 5, "S12_006": 1, "S12_007": 1, "S12_008": null, "S12_009": 380, "S12_010": 1, "S12_011": 1, "S12_012": null, "S12_013": 382, "S12_014": 1, "S12_015": 1, "S12_016": null, "S12_017": 348, "S12_018": 1, "S12_019": 1, "S12_020": "事業社名変更", "S12_021": 179, "S12_022": 1, "S12_023": 1, "S12_024": null, "S12_025": 305, "S12_026": 1, "S12_027": 1, "S12_028": null, "S12_029": 307, "S12_030": 1, "S12_031": 1, "S12_032": null, "S12_033": 284, "S12_034": 1, "S12_035": 1, "S12_036": null, "S12_037": 260, "S12_038": 1, "S12_039": 1, "S12_040": null, "S12_041": 250, "S12_042": 1, "S12_043": 1, "S12_044": null, "S12_045": 205, "S12_046": 1, "S12_047": 1, "S12_048": null, "S12_049": 96, "乗客数増減_10年間": -284 }, "geometry": { "type": "MultiLineString", "coordinates": [ [ [ 138.22686, 36.93198 ], [ 138.2267, 36.93304 ] ] ] } },
{ "type": "Feature", "properties": { "fid": 151, "S12_001": "妙高高原", "S12_001c": "001747", "S12_001g": "001746", "S12_002": "えちごトキめき鉄道", "S12_003": "妙高はねうまライン", "S12_004": 12, "S12_005": 5, "S12_006": 1, "S12_007": 1, "S12_008": null, "S12_009": 780, "S12_010": 1, "S12_011": 1, "S12_012": null, "S12_013": 716, "S12_014": 1, "S12_015": 1, "S12_016": null, "S12_017": 718, "S12_018": 1, "S12_019": 1, "S12_020": "事業社名変更", "S12_021": 373, "S12_022": 1, "S12_023": 1, "S12_024": null, "S12_025": 606, "S12_026": 1, "S12_027": 1, "S12_028": null, "S12_029": 548, "S12_030": 1, "S12_031": 1, "S12_032": null, "S12_033": 564, "S12_034": 1, "S12_035": 1, "S12_036": null, "S12_037": 546, "S12_038": 1, "S12_039": 1, "S12_040": "しなの鉄道・北しなの線を含む", "S12_041": 554, "S12_042": 1, "S12_043": 1, "S12_044": "しなの鉄道・北しなの線を含む", "S12_045": 377, "S12_046": 1, "S12_047": 1, "S12_048": "しなの鉄道・北しなの線を含む", "S12_049": 186, "乗客数増減_10年間": -594 }, "geometry": { "type": "MultiLineString", "coordinates": [ [ [ 138.21175, 36.87156 ], [ 138.21262, 36.87305 ] ] ] } },
{ "type": "Feature", "properties": { "fid": 152, "S12_001": "越後広瀬", "S12_001c": "001557", "S12_001g": "001557", "S12_002": "東日本旅客鉄道", "S12_003": "只見線", "S12_004": 11, "S12_005": 2, "S12_006": 1, "S12_007": 3, "S12_008": null, "S12_009": 0, "S12_010": 1, "S12_011": 3, "S12_012": null, "S12_013": 0, "S12_014": 1, "S12_015": 3, "S12_016": null, "S12_017": 0, "S12_018": 1, "S12_019": 3, "S12_020": null, "S12_021": 0, "S12_022": 1, "S12_023": 3, "S12_024": null, "S12_025": 0, "S12_026": 1, "S12_027": 3, "S12_028": null, "S12_029": 0, "S12_030": 1, "S12_031": 3, "S12_032": null, "S12_033": 0, "S12_034": 1, "S12_035": 3, "S12_036": null, "S12_037": 0, "S12_038": 1, "S12_039": 2, "S12_040": null, "S12_041": 0, "S12_042": 1, "S12_043": 2, "S12_044": null, "S12_045": 0, "S12_046": 1, "S12_047": 2, "S12_048": null, "S12_049": 0, "乗客数増減_10年間": 0 }, "geometry": { "type": "MultiLineString", "coordinates": [ [ [ 138.98149, 37.27488 ], [ 138.98134, 37.27424 ] ] ] } },
{ "type": "Feature", "properties": { "fid": 153, "S12_001": "藪神", "S12_001c": "001563", "S12_001g": "001563", "S12_002": "東日本旅客鉄道", "S12_003": "只見線", "S12_004": 11, "S12_005": 2, "S12_006": 1, "S12_007": 3, "S12_008": null, "S12_009": 0, "S12_010": 1, "S12_011": 3, "S12_012": null, "S12_013": 0, "S12_014": 1, "S12_015": 3, "S12_016": null, "S12_017": 0, "S12_018": 1, "S12_019": 3, "S12_020": null, "S12_021": 0, "S12_022": 1, "S12_023": 3, "S12_024": null, "S12_025": 0, "S12_026": 1, "S12_027": 3, "S12_028": null, "S12_029": 0, "S12_030": 1, "S12_031": 3, "S12_032": null, "S12_033": 0, "S12_034": 1, "S12_035": 3, "S12_036": null, "S12_037": 0, "S12_038": 1, "S12_039": 2, "S12_040": null, "S12_041": 0, "S12_042": 1, "S12_043": 2, "S12_044": null, "S12_045": 0, "S12_046": 1, "S12_047": 2, "S12_048": null, "S12_049": 0, "乗客数増減_10年間": 0 }, "geometry": { "type": "MultiLineString", "coordinates": [ [ [ 138.97612, 37.25711 ], [ 138.97564, 37.25657 ] ] ] } },
{ "type": "Feature", "properties": { "fid": 154, "S12_001": "上条", "S12_001c": "001535", "S12_001g": "001535", "S12_002": "東日本旅客鉄道", "S12_003": "只見線", "S12_004": 11, "S12_005": 2, "S12_006": 1, "S12_007": 3, "S12_008": null, "S12_009": 0, "S12_010": 1, "S12_011": 3, "S12_012": null, "S12_013": 0, "S12_014": 1, "S12_015": 3, "S12_016": null, "S12_017": 0, "S12_018": 1, "S12_019": 3, "S12_020": null, "S12_021": 0, "S12_022": 1, "S12_023": 3, "S12_024": null, "S12_025": 0, "S12_026": 1, "S12_027": 3, "S12_028": null, "S12_029": 0, "S12_030": 1, "S12_031": 3, "S12_032": null, "S12_033": 0, "S12_034": 1, "S12_035": 3, "S12_036": null, "S12_037": 0, "S12_038": 1, "S12_039": 2, "S12_040": null, "S12_041": 0, "S12_042": 1, "S12_043": 2, "S12_044": null, "S12_045": 0, "S12_046": 1, "S12_047": 2, "S12_048": null, "S12_049": 0, "乗客数増減_10年間": 0 }, "geometry": { "type": "MultiLineString", "coordinates": [ [ [ 139.05089, 37.34709 ], [ 139.0506, 37.34647 ] ] ] } },
{ "type": "Feature", "properties": { "fid": 155, "S12_001": "入広瀬", "S12_001c": "001525", "S12_001g": "001525", "S12_002": "東日本旅客鉄道", "S12_003": "只見線", "S12_004": 11, "S12_005": 2, "S12_006": 1, "S12_007": 3, "S12_008": null, "S12_009": 0, "S12_010": 1, "S12_011": 3, "S12_012": null, "S12_013": 0, "S12_014": 1, "S12_015": 3, "S12_016": null, "S12_017": 0, "S12_018": 1, "S12_019": 3, "S12_020": null, "S12_021": 0, "S12_022": 1, "S12_023": 3, "S12_024": null, "S12_025": 0, "S12_026": 1, "S12_027": 3, "S12_028": null, "S12_029": 0, "S12_030": 1, "S12_031": 3, "S12_032": null, "S12_033": 0, "S12_034": 1, "S12_035": 3, "S12_036": null, "S12_037": 0, "S12_038": 1, "S12_039": 2, "S12_040": null, "S12_041": 0, "S12_042": 1, "S12_043": 2, "S12_044": null, "S12_045": 0, "S12_046": 1, "S12_047": 2, "S12_048": null, "S12_049": 0, "乗客数増減_10年間": 0 }, "geometry": { "type": "MultiLineString", "coordinates": [ [ [ 139.06599, 37.3584 ], [ 139.06566, 37.35899 ] ] ] } },
{ "type": "Feature", "properties": { "fid": 156, "S12_001": "小出", "S12_001c": "001576", "S12_001g": "001575", "S12_002": "東日本旅客鉄道", "S12_003": "只見線", "S12_004": 11, "S12_005": 2, "S12_006": 2, "S12_007": 1, "S12_008": null, "S12_009": 0, "S12_010": 2, "S12_011": 1, "S12_012": null, "S12_013": 0, "S12_014": 2, "S12_015": 1, "S12_016": null, "S12_017": 0, "S12_018": 2, "S12_019": 1, "S12_020": null, "S12_021": 0, "S12_022": 2, "S12_023": 1, "S12_024": null, "S12_025": 0, "S12_026": 2, "S12_027": 1, "S12_028": null, "S12_029": 0, "S12_030": 2, "S12_031": 1, "S12_032": null, "S12_033": 0, "S12_034": 2, "S12_035": 1, "S12_036": null, "S12_037": 0, "S12_038": 2, "S12_039": 1, "S12_040": null, "S12_041": 0, "S12_042": 2, "S12_043": 1, "S12_044": null, "S12_045": 0, "S12_046": 2, "S12_047": 1, "S12_048": null, "S12_049": 0, "乗客数増減_10年間": 0 }, "geometry": { "type": "MultiLineString", "coordinates": [ [ [ 138.95262, 37.23467 ], [ 138.9546, 37.23247 ] ] ] } },
{ "type": "Feature", "properties": { "fid": 157, "S12_001": "越後須原", "S12_001c": "001545", "S12_001g": "001545", "S12_002": "東日本旅客鉄道", "S12_003": "只見線", "S12_004": 11, "S12_005": 2, "S12_006": 1, "S12_007": 3, "S12_008": null, "S12_009": 0, "S12_010": 1, "S12_011": 3, "S12_012": null, "S12_013": 0, "S12_014": 1, "S12_015": 3, "S12_016": null, "S12_017": 0, "S12_018": 1, "S12_019": 3, "S12_020": null, "S12_021": 0, "S12_022": 1, "S12_023": 3, "S12_024": null, "S12_025": 0, "S12_026": 1, "S12_027": 3, "S12_028": null, "S12_029": 0, "S12_030": 1, "S12_031": 3, "S12_032": null, "S12_033": 0, "S12_034": 1, "S12_035": 3, "S12_036": null, "S12_037": 0, "S12_038": 1, "S12_039": 2, "S12_040": null, "S12_041": 0, "S12_042": 1, "S12_043": 2, "S12_044": null, "S12_045": 0, "S12_046": 1, "S12_047": 2, "S12_048": null, "S12_049": 0, "乗客数増減_10年間": 0 }, "geometry": { "type": "MultiLineString", "coordinates": [ [ [ 139.01745, 37.32031 ], [ 139.01809, 37.32078 ] ] ] } },
{ "type": "Feature", "properties": { "fid": 158, "S12_001": "大白川", "S12_001c": "001537", "S12_001g": "001537", "S12_002": "東日本旅客鉄道", "S12_003": "只見線", "S12_004": 11, "S12_005": 2, "S12_006": 1, "S12_007": 3, "S12_008": null, "S12_009": 0, "S12_010": 1, "S12_011": 3, "S12_012": null, "S12_013": 0, "S12_014": 1, "S12_015": 3, "S12_016": null, "S12_017": 0, "S12_018": 1, "S12_019": 3, "S12_020": null, "S12_021": 0, "S12_022": 1, "S12_023": 3, "S12_024": null, "S12_025": 0, "S12_026": 1, "S12_027": 3, "S12_028": null, "S12_029": 0, "S12_030": 1, "S12_031": 3, "S12_032": null, "S12_033": 0, "S12_034": 1, "S12_035": 3, "S12_036": null, "S12_037": 0, "S12_038": 1, "S12_039": 2, "S12_040": null, "S12_041": 0, "S12_042": 1, "S12_043": 2, "S12_044": null, "S12_045": 0, "S12_046": 1, "S12_047": 2, "S12_048": null, "S12_049": 0, "乗客数増減_10年間": 0 }, "geometry": { "type": "MultiLineString", "coordinates": [ [ [ 139.12133, 37.34162 ], [ 139.12049, 37.34164 ] ] ] } },
{ "type": "Feature", "properties": { "fid": 159, "S12_001": "魚沼田中", "S12_001c": "001552", "S12_001g": "001552", "S12_002": "東日本旅客鉄道", "S12_003": "只見線", "S12_004": 11, "S12_005": 2, "S12_006": 1, "S12_007": 3, "S12_008": null, "S12_009": 0, "S12_010": 1, "S12_011": 3, "S12_012": null, "S12_013": 0, "S12_014": 1, "S12_015": 3, "S12_016": null, "S12_017": 0, "S12_018": 1, "S12_019": 3, "S12_020": null, "S12_021": 0, "S12_022": 1, "S12_023": 3, "S12_024": null, "S12_025": 0, "S12_026": 1, "S12_027": 3, "S12_028": null, "S12_029": 0, "S12_030": 1, "S12_031": 3, "S12_032": null, "S12_033": 0, "S12_034": 1, "S12_035": 3, "S12_036": null, "S12_037": 0, "S12_038": 1, "S12_039": 2, "S12_040": null, "S12_041": 0, "S12_042": 1, "S12_043": 2, "S12_044": null, "S12_045": 0, "S12_046": 1, "S12_047": 2, "S12_048": null, "S12_049": 0, "乗客数増減_10年間": 0 }, "geometry": { "type": "MultiLineString", "coordinates": [ [ [ 138.99277, 37.29445 ], [ 138.99249, 37.29383 ] ] ] } },
{ "type": "Feature", "properties": { "fid": 160, "S12_001": "大形", "S12_001c": "001294", "S12_001g": "001294", "S12_002": "東日本旅客鉄道", "S12_003": "白新線", "S12_004": 11, "S12_005": 2, "S12_006": 1, "S12_007": 1, "S12_008": null, "S12_009": 2104, "S12_010": 1, "S12_011": 1, "S12_012": null, "S12_013": 2154, "S12_014": 1, "S12_015": 1, "S12_016": null, "S12_017": 2292, "S12_018": 1, "S12_019": 1, "S12_020": null, "S12_021": 2470, "S12_022": 1, "S12_023": 1, "S12_024": null, "S12_025": 2386, "S12_026": 1, "S12_027": 1, "S12_028": null, "S12_029": 2504, "S12_030": 1, "S12_031": 1, "S12_032": null, "S12_033": 2512, "S12_034": 1, "S12_035": 1, "S12_036": null, "S12_037": 2336, "S12_038": 1, "S12_039": 1, "S12_040": null, "S12_041": 2336, "S12_042": 1, "S12_043": 1, "S12_044": null, "S12_045": 1746, "S12_046": 1, "S12_047": 2, "S12_048": null, "S12_049": 0, "乗客数増減_10年間": -2104 }, "geometry": { "type": "MultiLineString", "coordinates": [ [ [ 139.13011, 37.91561 ], [ 139.12856, 37.91525 ] ] ] } },
{ "type": "Feature", "properties": { "fid": 161, "S12_001": "佐々木", "S12_001c": "001280", "S12_001g": "001280", "S12_002": "東日本旅客鉄道", "S12_003": "白新線", "S12_004": 11, "S12_005": 2, "S12_006": 1, "S12_007": 1, "S12_008": null, "S12_009": 1608, "S12_010": 1, "S12_011": 1, "S12_012": null, "S12_013": 1694, "S12_014": 1, "S12_015": 1, "S12_016": null, "S12_017": 1706, "S12_018": 1, "S12_019": 1, "S12_020": null, "S12_021": 1798, "S12_022": 1, "S12_023": 1, "S12_024": null, "S12_025": 1672, "S12_026": 1, "S12_027": 1, "S12_028": null, "S12_029": 1720, "S12_030": 1, "S12_031": 1, "S12_032": null, "S12_033": 1770, "S12_034": 1, "S12_035": 1, "S12_036": null, "S12_037": 1772, "S12_038": 1, "S12_039": 1, "S12_040": null, "S12_041": 1772, "S12_042": 1, "S12_043": 1, "S12_044": null, "S12_045": 1446, "S12_046": 1, "S12_047": 2, "S12_048": null, "S12_049": 0, "乗客数増減_10年間": -1608 }, "geometry": { "type": "MultiLineString", "coordinates": [ [ [ 139.271, 37.94952 ], [ 139.26922, 37.94994 ], [ 139.2692, 37.94995 ] ] ] } },
{ "type": "Feature", "properties": { "fid": 162, "S12_001": "東新潟", "S12_001c": "001304", "S12_001g": "001304", "S12_002": "東日本旅客鉄道", "S12_003": "白新線", "S12_004": 11, "S12_005": 2, "S12_006": 1, "S12_007": 1, "S12_008": null, "S12_009": 3782, "S12_010": 1, "S12_011": 1, "S12_012": null, "S12_013": 3818, "S12_014": 1, "S12_015": 1, "S12_016": null, "S12_017": 3920, "S12_018": 1, "S12_019": 1, "S12_020": null, "S12_021": 4022, "S12_022": 1, "S12_023": 1, "S12_024": null, "S12_025": 3802, "S12_026": 1, "S12_027": 1, "S12_028": null, "S12_029": 3800, "S12_030": 1, "S12_031": 1, "S12_032": null, "S12_033": 3688, "S12_034": 1, "S12_035": 1, "S12_036": null, "S12_037": 3538, "S12_038": 1, "S12_039": 1, "S12_040": null, "S12_041": 3538, "S12_042": 1, "S12_043": 1, "S12_044": null, "S12_045": 2792, "S12_046": 1, "S12_047": 2, "S12_048": null, "S12_049": 0, "乗客数増減_10年間": -3782 }, "geometry": { "type": "MultiLineString", "coordinates": [ [ [ 139.10943, 37.90908 ], [ 139.10788, 37.90849 ] ] ] } },
{ "type": "Feature", "properties": { "fid": 163, "S12_001": "豊栄", "S12_001c": "001292", "S12_001g": "001292", "S12_002": "東日本旅客鉄道", "S12_003": "白新線", "S12_004": 11, "S12_005": 2, "S12_006": 1, "S12_007": 1, "S12_008": null, "S12_009": 7162, "S12_010": 1, "S12_011": 1, "S12_012": null, "S12_013": 7348, "S12_014": 1, "S12_015": 1, "S12_016": null, "S12_017": 7450, "S12_018": 1, "S12_019": 1, "S12_020": null, "S12_021": 7688, "S12_022": 1, "S12_023": 1, "S12_024": null, "S12_025": 7464, "S12_026": 1, "S12_027": 1, "S12_028": null, "S12_029": 7522, "S12_030": 1, "S12_031": 1, "S12_032": null, "S12_033": 7438, "S12_034": 1, "S12_035": 1, "S12_036": null, "S12_037": 7356, "S12_038": 1, "S12_039": 1, "S12_040": null, "S12_041": 7356, "S12_042": 1, "S12_043": 1, "S12_044": null, "S12_045": 5144, "S12_046": 1, "S12_047": 1, "S12_048": null, "S12_049": 5278, "乗客数増減_10年間": -1884 }, "geometry": { "type": "MultiLineString", "coordinates": [ [ [ 139.21643, 37.92028 ], [ 139.2157, 37.91963 ], [ 139.21475, 37.91873 ] ] ] } },
{ "type": "Feature", "properties": { "fid": 164, "S12_001": "新潟", "S12_001c": "001298", "S12_001g": "001296", "S12_002": "東日本旅客鉄道", "S12_003": "白新線", "S12_004": 11, "S12_005": 2, "S12_006": 2, "S12_007": 1, "S12_008": null, "S12_009": 0, "S12_010": 2, "S12_011": 1, "S12_012": null, "S12_013": 0, "S12_014": 2, "S12_015": 1, "S12_016": null, "S12_017": 0, "S12_018": 2, "S12_019": 1, "S12_020": null, "S12_021": 0, "S12_022": 2, "S12_023": 1, "S12_024": null, "S12_025": 0, "S12_026": 2, "S12_027": 1, "S12_028": null, "S12_029": 0, "S12_030": 2, "S12_031": 1, "S12_032": null, "S12_033": 0, "S12_034": 2, "S12_035": 1, "S12_036": null, "S12_037": 0, "S12_038": 2, "S12_039": 1, "S12_040": null, "S12_041": 0, "S12_042": 2, "S12_043": 1, "S12_044": null, "S12_045": 0, "S12_046": 2, "S12_047": 1, "S12_048": null, "S12_049": 0, "乗客数増減_10年間": 0 }, "geometry": { "type": "MultiLineString", "coordinates": [ [ [ 139.06246, 37.91271 ], [ 139.0624, 37.9127 ], [ 139.06234, 37.91268 ], [ 139.06064, 37.91225 ], [ 139.06009, 37.91212 ], [ 139.05939, 37.91195 ] ] ] } },
{ "type": "Feature", "properties": { "fid": 165, "S12_001": "黒山", "S12_001c": "001286", "S12_001g": "001286", "S12_002": "東日本旅客鉄道", "S12_003": "白新線", "S12_004": 11, "S12_005": 2, "S12_006": 1, "S12_007": 3, "S12_008": null, "S12_009": 0, "S12_010": 1, "S12_011": 3, "S12_012": null, "S12_013": 0, "S12_014": 1, "S12_015": 3, "S12_016": null, "S12_017": 0, "S12_018": 1, "S12_019": 3, "S12_020": null, "S12_021": 0, "S12_022": 1, "S12_023": 3, "S12_024": null, "S12_025": 0, "S12_026": 1, "S12_027": 3, "S12_028": null, "S12_029": 0, "S12_030": 1, "S12_031": 3, "S12_032": null, "S12_033": 0, "S12_034": 1, "S12_035": 3, "S12_036": null, "S12_037": 0, "S12_038": 1, "S12_039": 2, "S12_040": null, "S12_041": 0, "S12_042": 1, "S12_043": 2, "S12_044": null, "S12_045": 0, "S12_046": 1, "S12_047": 2, "S12_048": null, "S12_049": 0, "乗客数増減_10年間": 0 }, "geometry": { "type": "MultiLineString", "coordinates": [ [ [ 139.24207, 37.9377 ], [ 139.24071, 37.93687 ] ] ] } },
{ "type": "Feature", "properties": { "fid": 166, "S12_001": "早通", "S12_001c": "001291", "S12_001g": "001291", "S12_002": "東日本旅客鉄道", "S12_003": "白新線", "S12_004": 11, "S12_005": 2, "S12_006": 1, "S12_007": 1, "S12_008": null, "S12_009": 2410, "S12_010": 1, "S12_011": 1, "S12_012": null, "S12_013": 2346, "S12_014": 1, "S12_015": 1, "S12_016": null, "S12_017": 2232, "S12_018": 1, "S12_019": 1, "S12_020": null, "S12_021": 2278, "S12_022": 1, "S12_023": 1, "S12_024": null, "S12_025": 2218, "S12_026": 1, "S12_027": 1, "S12_028": null, "S12_029": 2236, "S12_030": 1, "S12_031": 1, "S12_032": null, "S12_033": 2214, "S12_034": 1, "S12_035": 1, "S12_036": null, "S12_037": 2128, "S12_038": 1, "S12_039": 1, "S12_040": null, "S12_041": 2128, "S12_042": 1, "S12_043": 1, "S12_044": null, "S12_045": 1716, "S12_046": 1, "S12_047": 2, "S12_048": null, "S12_049": 0, "乗客数増減_10年間": -2410 }, "geometry": { "type": "MultiLineString", "coordinates": [ [ [ 139.17874, 37.921 ], [ 139.17761, 37.92123 ] ] ] } },
{ "type": "Feature", "properties": { "fid": 167, "S12_001": "新崎", "S12_001c": "001290", "S12_001g": "001290", "S12_002": "東日本旅客鉄道", "S12_003": "白新線", "S12_004": 11, "S12_005": 2, "S12_006": 1, "S12_007": 1, "S12_008": null, "S12_009": 2812, "S12_010": 1, "S12_011": 1, "S12_012": null, "S12_013": 2782, "S12_014": 1, "S12_015": 1, "S12_016": null, "S12_017": 2800, "S12_018": 1, "S12_019": 1, "S12_020": null, "S12_021": 2864, "S12_022": 1, "S12_023": 1, "S12_024": null, "S12_025": 2754, "S12_026": 1, "S12_027": 1, "S12_028": null, "S12_029": 2770, "S12_030": 1, "S12_031": 1, "S12_032": null, "S12_033": 2734, "S12_034": 1, "S12_035": 1, "S12_036": null, "S12_037": 2666, "S12_038": 1, "S12_039": 1, "S12_040": null, "S12_041": 2666, "S12_042": 1, "S12_043": 1, "S12_044": null, "S12_045": 2118, "S12_046": 1, "S12_047": 2, "S12_048": null, "S12_049": 0, "乗客数増減_10年間": -2812 }, "geometry": { "type": "MultiLineString", "coordinates": [ [ [ 139.15955, 37.92271 ], [ 139.15719, 37.92214 ] ] ] } },
{ "type": "Feature", "properties": { "fid": 168, "S12_001": "新発田", "S12_001c": "001282", "S12_001g": "001281", "S12_002": "東日本旅客鉄道", "S12_003": "白新線", "S12_004": 11, "S12_005": 2, "S12_006": 2, "S12_007": 1, "S12_008": null, "S12_009": 0, "S12_010": 2, "S12_011": 1, "S12_012": null, "S12_013": 0, "S12_014": 2, "S12_015": 1, "S12_016": null, "S12_017": 0, "S12_018": 2, "S12_019": 1, "S12_020": null, "S12_021": 0, "S12_022": 2, "S12_023": 1, "S12_024": null, "S12_025": 0, "S12_026": 2, "S12_027": 1, "S12_028": null, "S12_029": 0, "S12_030": 2, "S12_031": 1, "S12_032": null, "S12_033": 0, "S12_034": 2, "S12_035": 1, "S12_036": null, "S12_037": 0, "S12_038": 2, "S12_039": 1, "S12_040": null, "S12_041": 0, "S12_042": 2, "S12_043": 1, "S12_044": null, "S12_045": 0, "S12_046": 2, "S12_047": 1, "S12_048": null, "S12_049": 0, "乗客数増減_10年間": 0 }, "geometry": { "type": "MultiLineString", "coordinates": [ [ [ 139.33427, 37.9431 ], [ 139.33468, 37.94354 ], [ 139.33598, 37.94492 ] ] ] } },
{ "type": "Feature", "properties": { "fid": 169, "S12_001": "新潟", "S12_001c": "001298", "S12_001g": "001296", "S12_002": "東日本旅客鉄道", "S12_003": "白新線", "S12_004": 11, "S12_005": 2, "S12_006": 2, "S12_007": 1, "S12_008": null, "S12_009": 0, "S12_010": 2, "S12_011": 1, "S12_012": null, "S12_013": 0, "S12_014": 2, "S12_015": 1, "S12_016": null, "S12_017": 0, "S12_018": 2, "S12_019": 1, "S12_020": null, "S12_021": 0, "S12_022": 2, "S12_023": 1, "S12_024": null, "S12_025": 0, "S12_026": 2, "S12_027": 1, "S12_028": null, "S12_029": 0, "S12_030": 2, "S12_031": 1, "S12_032": null, "S12_033": 0, "S12_034": 2, "S12_035": 1, "S12_036": null, "S12_037": 0, "S12_038": 2, "S12_039": 1, "S12_040": null, "S12_041": 0, "S12_042": 2, "S12_043": 1, "S12_044": null, "S12_045": 0, "S12_046": 2, "S12_047": 1, "S12_048": null, "S12_049": 0, "乗客数増減_10年間": 0 }, "geometry": { "type": "MultiLineString", "coordinates": [ [ [ 139.05944, 37.91178 ], [ 139.05978, 37.91186 ], [ 139.06091, 37.91215 ], [ 139.06239, 37.91252 ], [ 139.06245, 37.91253 ], [ 139.06251, 37.91254 ] ] ] } },
{ "type": "Feature", "properties": { "fid": 170, "S12_001": "西新発田", "S12_001c": "001285", "S12_001g": "001285", "S12_002": "東日本旅客鉄道", "S12_003": "白新線", "S12_004": 11, "S12_005": 2, "S12_006": 1, "S12_007": 3, "S12_008": null, "S12_009": 0, "S12_010": 1, "S12_011": 3, "S12_012": null, "S12_013": 0, "S12_014": 1, "S12_015": 3, "S12_016": null, "S12_017": 0, "S12_018": 1, "S12_019": 3, "S12_020": null, "S12_021": 0, "S12_022": 1, "S12_023": 3, "S12_024": null, "S12_025": 0, "S12_026": 1, "S12_027": 3, "S12_028": null, "S12_029": 0, "S12_030": 1, "S12_031": 3, "S12_032": null, "S12_033": 0, "S12_034": 1, "S12_035": 3, "S12_036": null, "S12_037": 0, "S12_038": 1, "S12_039": 2, "S12_040": null, "S12_041": 0, "S12_042": 1, "S12_043": 2, "S12_044": null, "S12_045": 0, "S12_046": 1, "S12_047": 2, "S12_048": null, "S12_049": 0, "乗客数増減_10年間": 0 }, "geometry": { "type": "MultiLineString", "coordinates": [ [ [ 139.30718, 37.94127 ], [ 139.30632, 37.94146 ] ] ] } },
{ "type": "Feature", "properties": { "fid": 171, "S12_001": "十日町", "S12_001c": "001621", "S12_001g": "001621", "S12_002": "東日本旅客鉄道", "S12_003": "飯山線", "S12_004": 11, "S12_005": 2, "S12_006": 1, "S12_007": 1, "S12_008": null, "S12_009": 1182, "S12_010": 1, "S12_011": 1, "S12_012": null, "S12_013": 1010, "S12_014": 1, "S12_015": 1, "S12_016": null, "S12_017": 1072, "S12_018": 1, "S12_019": 1, "S12_020": null, "S12_021": 1094, "S12_022": 1, "S12_023": 1, "S12_024": null, "S12_025": 992, "S12_026": 1, "S12_027": 1, "S12_028": null, "S12_029": 1060, "S12_030": 1, "S12_031": 1, "S12_032": null, "S12_033": 1012, "S12_034": 1, "S12_035": 1, "S12_036": null, "S12_037": 988, "S12_038": 1, "S12_039": 1, "S12_040": null, "S12_041": 988, "S12_042": 1, "S12_043": 1, "S12_044": null, "S12_045": 864, "S12_046": 1, "S12_047": 1, "S12_048": null, "S12_049": 806, "乗客数増減_10年間": -376 }, "geometry": { "type": "MultiLineString", "coordinates": [ [ [ 138.75681, 37.13536 ], [ 138.75611, 37.13424 ] ] ] } },
{ "type": "Feature", "properties": { "fid": 172, "S12_001": "内ヶ巻", "S12_001c": "001569", "S12_001g": "001569", "S12_002": "東日本旅客鉄道", "S12_003": "飯山線", "S12_004": 11, "S12_005": 2, "S12_006": 1, "S12_007": 3, "S12_008": null, "S12_009": 0, "S12_010": 1, "S12_011": 3, "S12_012": null, "S12_013": 0, "S12_014": 1, "S12_015": 3, "S12_016": null, "S12_017": 0, "S12_018": 1, "S12_019": 3, "S12_020": null, "S12_021": 0, "S12_022": 1, "S12_023": 3, "S12_024": null, "S12_025": 0, "S12_026": 1, "S12_027": 3, "S12_028": null, "S12_029": 0, "S12_030": 1, "S12_031": 3, "S12_032": null, "S12_033": 0, "S12_034": 1, "S12_035": 3, "S12_036": null, "S12_037": 0, "S12_038": 1, "S12_039": 2, "S12_040": null, "S12_041": 0, "S12_042": 1, "S12_043": 2, "S12_044": null, "S12_045": 0, "S12_046": 1, "S12_047": 2, "S12_048": null, "S12_049": 0, "乗客数増減_10年間": 0 }, "geometry": { "type": "MultiLineString", "coordinates": [ [ [ 138.85213, 37.24999 ], [ 138.8514, 37.25003 ] ] ] } },
{ "type": "Feature", "properties": { "fid": 173, "S12_001": "足滝", "S12_001c": "001689", "S12_001g": "001689", "S12_002": "東日本旅客鉄道", "S12_003": "飯山線", "S12_004": 11, "S12_005": 2, "S12_006": 1, "S12_007": 3, "S12_008": null, "S12_009": 0, "S12_010": 1, "S12_011": 3, "S12_012": null, "S12_013": 0, "S12_014": 1, "S12_015": 3, "S12_016": null, "S12_017": 0, "S12_018": 1, "S12_019": 3, "S12_020": null, "S12_021": 0, "S12_022": 1, "S12_023": 3, "S12_024": null, "S12_025": 0, "S12_026": 1, "S12_027": 3, "S12_028": null, "S12_029": 0, "S12_030": 1, "S12_031": 3, "S12_032": null, "S12_033": 0, "S12_034": 1, "S12_035": 3, "S12_036": null, "S12_037": 0, "S12_038": 1, "S12_039": 2, "S12_040": null, "S12_041": 0, "S12_042": 1, "S12_043": 2, "S12_044": null, "S12_045": 0, "S12_046": 1, "S12_047": 2, "S12_048": null, "S12_049": 0, "乗客数増減_10年間": 0 }, "geometry": { "type": "MultiLineString", "coordinates": [ [ [ 138.60411, 36.99889 ], [ 138.60333, 36.99905 ] ] ] } },
{ "type": "Feature", "properties": { "fid": 174, "S12_001": "越後田沢", "S12_001c": "001660", "S12_001g": "001660", "S12_002": "東日本旅客鉄道", "S12_003": "飯山線", "S12_004": 11, "S12_005": 2, "S12_006": 1, "S12_007": 3, "S12_008": null, "S12_009": 0, "S12_010": 1, "S12_011": 3, "S12_012": null, "S12_013": 0, "S12_014": 1, "S12_015": 3, "S12_016": null, "S12_017": 0, "S12_018": 1, "S12_019": 3, "S12_020": null, "S12_021": 0, "S12_022": 1, "S12_023": 3, "S12_024": null, "S12_025": 0, "S12_026": 1, "S12_027": 3, "S12_028": null, "S12_029": 0, "S12_030": 1, "S12_031": 3, "S12_032": null, "S12_033": 0, "S12_034": 1, "S12_035": 3, "S12_036": null, "S12_037": 0, "S12_038": 1, "S12_039": 2, "S12_040": null, "S12_041": 0, "S12_042": 1, "S12_043": 2, "S12_044": null, "S12_045": 0, "S12_046": 1, "S12_047": 2, "S12_048": null, "S12_049": 0, "乗客数増減_10年間": 0 }, "geometry": { "type": "MultiLineString", "coordinates": [ [ [ 138.69498, 37.05561 ], [ 138.69477, 37.0554 ], [ 138.69445, 37.05509 ] ] ] } },
{ "type": "Feature", "properties": { "fid": 175, "S12_001": "越後水沢", "S12_001c": "001651", "S12_001g": "001651", "S12_002": "東日本旅客鉄道", "S12_003": "飯山線", "S12_004": 11, "S12_005": 2, "S12_006": 1, "S12_007": 3, "S12_008": null, "S12_009": 0, "S12_010": 1, "S12_011": 3, "S12_012": null, "S12_013": 0, "S12_014": 1, "S12_015": 3, "S12_016": null, "S12_017": 0, "S12_018": 1, "S12_019": 3, "S12_020": null, "S12_021": 0, "S12_022": 1, "S12_023": 3, "S12_024": null, "S12_025": 0, "S12_026": 1, "S12_027": 3, "S12_028": null, "S12_029": 0, "S12_030": 1, "S12_031": 3, "S12_032": null, "S12_033": 0, "S12_034": 1, "S12_035": 3, "S12_036": null, "S12_037": 0, "S12_038": 1, "S12_039": 2, "S12_040": null, "S12_041": 0, "S12_042": 1, "S12_043": 2, "S12_044": null, "S12_045": 0, "S12_046": 1, "S12_047": 2, "S12_048": null, "S12_049": 0, "乗客数増減_10年間": 0 }, "geometry": { "type": "MultiLineString", "coordinates": [ [ [ 138.71848, 37.07454 ], [ 138.7179, 37.07405 ] ] ] } },
{ "type": "Feature", "properties": { "fid": 176, "S12_001": "津南", "S12_001c": "001677", "S12_001g": "001677", "S12_002": "東日本旅客鉄道", "S12_003": "飯山線", "S12_004": 11, "S12_005": 2, "S12_006": 1, "S12_007": 1, "S12_008": null, "S12_009": 320, "S12_010": 1, "S12_011": 1, "S12_012": null, "S12_013": 228, "S12_014": 1, "S12_015": 1, "S12_016": null, "S12_017": 218, "S12_018": 1, "S12_019": 1, "S12_020": null, "S12_021": 236, "S12_022": 1, "S12_023": 1, "S12_024": null, "S12_025": 212, "S12_026": 1, "S12_027": 1, "S12_028": null, "S12_029": 216, "S12_030": 1, "S12_031": 1, "S12_032": null, "S12_033": 206, "S12_034": 1, "S12_035": 1, "S12_036": null, "S12_037": 158, "S12_038": 1, "S12_039": 1, "S12_040": null, "S12_041": 158, "S12_042": 1, "S12_043": 1, "S12_044": null, "S12_045": 156, "S12_046": 1, "S12_047": 2, "S12_048": null, "S12_049": 0, "乗客数増減_10年間": -320 }, "geometry": { "type": "MultiLineString", "coordinates": [ [ [ 138.63964, 37.02395 ], [ 138.63954, 37.02377 ], [ 138.63931, 37.02337 ], [ 138.63903, 37.02292 ] ] ] } },
{ "type": "Feature", "properties": { "fid": 177, "S12_001": "越後岩沢", "S12_001c": "001572", "S12_001g": "001572", "S12_002": "東日本旅客鉄道", "S12_003": "飯山線", "S12_004": 11, "S12_005": 2, "S12_006": 1, "S12_007": 3, "S12_008": null, "S12_009": 0, "S12_010": 1, "S12_011": 3, "S12_012": null, "S12_013": 0, "S12_014": 1, "S12_015": 3, "S12_016": null, "S12_017": 0, "S12_018": 1, "S12_019": 3, "S12_020": null, "S12_021": 0, "S12_022": 1, "S12_023": 3, "S12_024": null, "S12_025": 0, "S12_026": 1, "S12_027": 3, "S12_028": null, "S12_029": 0, "S12_030": 1, "S12_031": 3, "S12_032": null, "S12_033": 0, "S12_034": 1, "S12_035": 3, "S12_036": null, "S12_037": 0, "S12_038": 1, "S12_039": 2, "S12_040": null, "S12_041": 0, "S12_042": 1, "S12_043": 2, "S12_044": null, "S12_045": 0, "S12_046": 1, "S12_047": 2, "S12_048": null, "S12_049": 0, "乗客数増減_10年間": 0 }, "geometry": { "type": "MultiLineString", "coordinates": [ [ [ 138.79769, 37.24101 ], [ 138.79671, 37.24056 ] ] ] } },
{ "type": "Feature", "properties": { "fid": 178, "S12_001": "越後鹿渡", "S12_001c": "001664", "S12_001g": "001664", "S12_002": "東日本旅客鉄道", "S12_003": "飯山線", "S12_004": 11, "S12_005": 2, "S12_006": 1, "S12_007": 3, "S12_008": null, "S12_009": 0, "S12_010": 1, "S12_011": 3, "S12_012": null, "S12_013": 0, "S12_014": 1, "S12_015": 3, "S12_016": null, "S12_017": 0, "S12_018": 1, "S12_019": 3, "S12_020": null, "S12_021": 0, "S12_022": 1, "S12_023": 3, "S12_024": null, "S12_025": 0, "S12_026": 1, "S12_027": 3, "S12_028": null, "S12_029": 0, "S12_030": 1, "S12_031": 3, "S12_032": null, "S12_033": 0, "S12_034": 1, "S12_035": 3, "S12_036": null, "S12_037": 0, "S12_038": 1, "S12_039": 2, "S12_040": null, "S12_041": 0, "S12_042": 1, "S12_043": 2, "S12_044": null, "S12_045": 0, "S12_046": 1, "S12_047": 2, "S12_048": null, "S12_049": 0, "乗客数増減_10年間": 0 }, "geometry": { "type": "MultiLineString", "coordinates": [ [ [ 138.67194, 37.04826 ], [ 138.67125, 37.04792 ] ] ] } },
{ "type": "Feature", "properties": { "fid": 179, "S12_001": "魚沼中条", "S12_001c": "001607", "S12_001g": "001607", "S12_002": "東日本旅客鉄道", "S12_003": "飯山線", "S12_004": 11, "S12_005": 2, "S12_006": 1, "S12_007": 3, "S12_008": null, "S12_009": 0, "S12_010": 1, "S12_011": 3, "S12_012": null, "S12_013": 0, "S12_014": 1, "S12_015": 3, "S12_016": null, "S12_017": 0, "S12_018": 1, "S12_019": 3, "S12_020": null, "S12_021": 0, "S12_022": 1, "S12_023": 3, "S12_024": null, "S12_025": 0, "S12_026": 1, "S12_027": 3, "S12_028": null, "S12_029": 0, "S12_030": 1, "S12_031": 3, "S12_032": null, "S12_033": 0, "S12_034": 1, "S12_035": 3, "S12_036": null, "S12_037": 0, "S12_038": 1, "S12_039": 2, "S12_040": null, "S12_041": 0, "S12_042": 1, "S12_043": 2, "S12_044": null, "S12_045": 0, "S12_046": 1, "S12_047": 2, "S12_048": null, "S12_049": 0, "乗客数増減_10年間": 0 }, "geometry": { "type": "MultiLineString", "coordinates": [ [ [ 138.77264, 37.15981 ], [ 138.77234, 37.15913 ] ] ] } },
{ "type": "Feature", "properties": { "fid": 180, "S12_001": "下条", "S12_001c": "001589", "S12_001g": "001589", "S12_002": "東日本旅客鉄道", "S12_003": "飯山線", "S12_004": 11, "S12_005": 2, "S12_006": 1, "S12_007": 3, "S12_008": null, "S12_009": 0, "S12_010": 1, "S12_011": 3, "S12_012": null, "S12_013": 0, "S12_014": 1, "S12_015": 3, "S12_016": null, "S12_017": 0, "S12_018": 1, "S12_019": 3, "S12_020": null, "S12_021": 0, "S12_022": 1, "S12_023": 3, "S12_024": null, "S12_025": 0, "S12_026": 1, "S12_027": 3, "S12_028": null, "S12_029": 0, "S12_030": 1, "S12_031": 3, "S12_032": null, "S12_033": 0, "S12_034": 1, "S12_035": 3, "S12_036": null, "S12_037": 0, "S12_038": 1, "S12_039": 2, "S12_040": null, "S12_041": 0, "S12_042": 1, "S12_043": 2, "S12_044": null, "S12_045": 0, "S12_046": 1, "S12_047": 2, "S12_048": null, "S12_049": 0, "乗客数増減_10年間": 0 }, "geometry": { "type": "MultiLineString", "coordinates": [ [ [ 138.78003, 37.19872 ], [ 138.78005, 37.19806 ] ] ] } },
{ "type": "Feature", "properties": { "fid": 181, "S12_001": "越後田中", "S12_001c": "001687", "S12_001g": "001687", "S12_002": "東日本旅客鉄道", "S12_003": "飯山線", "S12_004": 11, "S12_005": 2, "S12_006": 1, "S12_007": 3, "S12_008": null, "S12_009": 0, "S12_010": 1, "S12_011": 3, "S12_012": null, "S12_013": 0, "S12_014": 1, "S12_015": 3, "S12_016": null, "S12_017": 0, "S12_018": 1, "S12_019": 3, "S12_020": null, "S12_021": 0, "S12_022": 1, "S12_023": 3, "S12_024": null, "S12_025": 0, "S12_026": 1, "S12_027": 3, "S12_028": null, "S12_029": 0, "S12_030": 1, "S12_031": 3, "S12_032": null, "S12_033": 0, "S12_034": 1, "S12_035": 3, "S12_036": null, "S12_037": 0, "S12_038": 1, "S12_039": 2, "S12_040": null, "S12_041": 0, "S12_042": 1, "S12_043": 2, "S12_044": null, "S12_045": 0, "S12_046": 1, "S12_047": 2, "S12_048": null, "S12_049": 0, "乗客数増減_10年間": 0 }, "geometry": { "type": "MultiLineString", "coordinates": [ [ [ 138.62747, 37.00538 ], [ 138.62669, 37.00517 ] ] ] } },
{ "type": "Feature", "properties": { "fid": 182, "S12_001": "越後川口", "S12_001c": "001559", "S12_001g": "001558", "S12_002": "東日本旅客鉄道", "S12_003": "飯山線", "S12_004": 11, "S12_005": 2, "S12_006": 2, "S12_007": 1, "S12_008": null, "S12_009": 0, "S12_010": 2, "S12_011": 1, "S12_012": null, "S12_013": 0, "S12_014": 2, "S12_015": 1, "S12_016": null, "S12_017": 0, "S12_018": 2, "S12_019": 1, "S12_020": null, "S12_021": 0, "S12_022": 2, "S12_023": 1, "S12_024": null, "S12_025": 0, "S12_026": 2, "S12_027": 1, "S12_028": null, "S12_029": 0, "S12_030": 2, "S12_031": 2, "S12_032": null, "S12_033": 0, "S12_034": 2, "S12_035": 2, "S12_036": null, "S12_037": 0, "S12_038": 2, "S12_039": 1, "S12_040": null, "S12_041": 0, "S12_042": 2, "S12_043": 1, "S12_044": null, "S12_045": 0, "S12_046": 2, "S12_047": 1, "S12_048": null, "S12_049": 0, "乗客数増減_10年間": 0 }, "geometry": { "type": "MultiLineString", "coordinates": [ [ [ 138.86014, 37.27322 ], [ 138.86072, 37.27319 ], [ 138.86109, 37.27315 ], [ 138.86143, 37.27309 ], [ 138.86174, 37.27302 ], [ 138.86206, 37.27294 ], [ 138.86219, 37.2729 ], [ 138.86247, 37.27278 ], [ 138.86262, 37.27271 ], [ 138.86277, 37.27264 ], [ 138.86299, 37.27251 ] ] ] } },
{ "type": "Feature", "properties": { "fid": 183, "S12_001": "土市", "S12_001c": "001636", "S12_001g": "001636", "S12_002": "東日本旅客鉄道", "S12_003": "飯山線", "S12_004": 11, "S12_005": 2, "S12_006": 1, "S12_007": 3, "S12_008": null, "S12_009": 0, "S12_010": 1, "S12_011": 3, "S12_012": null, "S12_013": 0, "S12_014": 1, "S12_015": 3, "S12_016": null, "S12_017": 0, "S12_018": 1, "S12_019": 3, "S12_020": null, "S12_021": 0, "S12_022": 1, "S12_023": 3, "S12_024": null, "S12_025": 0, "S12_026": 1, "S12_027": 3, "S12_028": null, "S12_029": 0, "S12_030": 1, "S12_031": 3, "S12_032": null, "S12_033": 0, "S12_034": 1, "S12_035": 3, "S12_036": null, "S12_037": 0, "S12_038": 1, "S12_039": 2, "S12_040": null, "S12_041": 0, "S12_042": 1, "S12_043": 2, "S12_044": null, "S12_045": 0, "S12_046": 1, "S12_047": 2, "S12_048": null, "S12_049": 0, "乗客数増減_10年間": 0 }, "geometry": { "type": "MultiLineString", "coordinates": [ [ [ 138.72963, 37.09774 ], [ 138.72924, 37.09723 ] ] ] } },
{ "type": "Feature", "properties": { "fid": 184, "S12_001": "北五泉", "S12_001c": "001376", "S12_001g": "001376", "S12_002": "東日本旅客鉄道", "S12_003": "磐越西線", "S12_004": 11, "S12_005": 2, "S12_006": 1, "S12_007": 1, "S12_008": null, "S12_009": 1292, "S12_010": 1, "S12_011": 1, "S12_012": null, "S12_013": 1320, "S12_014": 1, "S12_015": 1, "S12_016": null, "S12_017": 1400, "S12_018": 1, "S12_019": 1, "S12_020": null, "S12_021": 1406, "S12_022": 1, "S12_023": 1, "S12_024": null, "S12_025": 1360, "S12_026": 1, "S12_027": 1, "S12_028": null, "S12_029": 1474, "S12_030": 1, "S12_031": 1, "S12_032": null, "S12_033": 1512, "S12_034": 1, "S12_035": 1, "S12_036": null, "S12_037": 1388, "S12_038": 1, "S12_039": 1, "S12_040": null, "S12_041": 1388, "S12_042": 1, "S12_043": 2, "S12_044": null, "S12_045": 0, "S12_046": 1, "S12_047": 2, "S12_048": null, "S12_049": 0, "乗客数増減_10年間": -1292 }, "geometry": { "type": "MultiLineString", "coordinates": [ [ [ 139.16953, 37.74723 ], [ 139.16983, 37.7464 ] ] ] } },
{ "type": "Feature", "properties": { "fid": 185, "S12_001": "新関", "S12_001c": "001364", "S12_001g": "001364", "S12_002": "東日本旅客鉄道", "S12_003": "磐越西線", "S12_004": 11, "S12_005": 2, "S12_006": 1, "S12_007": 3, "S12_008": null, "S12_009": 0, "S12_010": 1, "S12_011": 3, "S12_012": null, "S12_013": 0, "S12_014": 1, "S12_015": 3, "S12_016": null, "S12_017": 0, "S12_018": 1, "S12_019": 3, "S12_020": null, "S12_021": 0, "S12_022": 1, "S12_023": 3, "S12_024": null, "S12_025": 0, "S12_026": 1, "S12_027": 3, "S12_028": null, "S12_029": 0, "S12_030": 1, "S12_031": 3, "S12_032": null, "S12_033": 0, "S12_034": 1, "S12_035": 3, "S12_036": null, "S12_037": 0, "S12_038": 1, "S12_039": 2, "S12_040": null, "S12_041": 0, "S12_042": 1, "S12_043": 2, "S12_044": null, "S12_045": 0, "S12_046": 1, "S12_047": 2, "S12_048": null, "S12_049": 0, "乗客数増減_10年間": 0 }, "geometry": { "type": "MultiLineString", "coordinates": [ [ [ 139.16208, 37.76913 ], [ 139.1627, 37.76734 ] ] ] } },
{ "type": "Feature", "properties": { "fid": 186, "S12_001": "東下条", "S12_001c": "001378", "S12_001g": "001378", "S12_002": "東日本旅客鉄道", "S12_003": "磐越西線", "S12_004": 11, "S12_005": 2, "S12_006": 1, "S12_007": 3, "S12_008": null, "S12_009": 0, "S12_010": 1, "S12_011": 3, "S12_012": null, "S12_013": 0, "S12_014": 1, "S12_015": 3, "S12_016": null, "S12_017": 0, "S12_018": 1, "S12_019": 3, "S12_020": null, "S12_021": 0, "S12_022": 1, "S12_023": 3, "S12_024": null, "S12_025": 0, "S12_026": 1, "S12_027": 3, "S12_028": null, "S12_029": 0, "S12_030": 1, "S12_031": 3, "S12_032": null, "S12_033": 0, "S12_034": 1, "S12_035": 3, "S12_036": null, "S12_037": 0, "S12_038": 1, "S12_039": 2, "S12_040": null, "S12_041": 0, "S12_042": 1, "S12_043": 2, "S12_044": null, "S12_045": 0, "S12_046": 1, "S12_047": 2, "S12_048": null, "S12_049": 0, "乗客数増減_10年間": 0 }, "geometry": { "type": "MultiLineString", "coordinates": [ [ [ 139.32216, 37.73645 ], [ 139.32215, 37.73646 ], [ 139.32159, 37.73721 ] ] ] } },
{ "type": "Feature", "properties": { "fid": 187, "S12_001": "鹿瀬", "S12_001c": "001391", "S12_001g": "001391", "S12_002": "東日本旅客鉄道", "S12_003": "磐越西線", "S12_004": 11, "S12_005": 2, "S12_006": 1, "S12_007": 3, "S12_008": null, "S12_009": 0, "S12_010": 1, "S12_011": 3, "S12_012": null, "S12_013": 0, "S12_014": 1, "S12_015": 3, "S12_016": null, "S12_017": 0, "S12_018": 1, "S12_019": 3, "S12_020": null, "S12_021": 0, "S12_022": 1, "S12_023": 3, "S12_024": null, "S12_025": 0, "S12_026": 1, "S12_027": 3, "S12_028": null, "S12_029": 0, "S12_030": 1, "S12_031": 3, "S12_032": null, "S12_033": 0, "S12_034": 1, "S12_035": 3, "S12_036": null, "S12_037": 0, "S12_038": 1, "S12_039": 2, "S12_040": null, "S12_041": 0, "S12_042": 1, "S12_043": 2, "S12_044": null, "S12_045": 0, "S12_046": 1, "S12_047": 2, "S12_048": null, "S12_049": 0, "乗客数増減_10年間": 0 }, "geometry": { "type": "MultiLineString", "coordinates": [ [ [ 139.47952, 37.69582 ], [ 139.48094, 37.6961 ] ] ] } },
{ "type": "Feature", "properties": { "fid": 188, "S12_001": "津川", "S12_001c": "001394", "S12_001g": "001394", "S12_002": "東日本旅客鉄道", "S12_003": "磐越西線", "S12_004": 11, "S12_005": 2, "S12_006": 1, "S12_007": 1, "S12_008": null, "S12_009": 372, "S12_010": 1, "S12_011": 1, "S12_012": null, "S12_013": 314, "S12_014": 1, "S12_015": 1, "S12_016": null, "S12_017": 342, "S12_018": 1, "S12_019": 1, "S12_020": null, "S12_021": 316, "S12_022": 1, "S12_023": 1, "S12_024": null, "S12_025": 322, "S12_026": 1, "S12_027": 1, "S12_028": null, "S12_029": 348, "S12_030": 1, "S12_031": 1, "S12_032": null, "S12_033": 342, "S12_034": 1, "S12_035": 1, "S12_036": null, "S12_037": 324, "S12_038": 1, "S12_039": 1, "S12_040": null, "S12_041": 324, "S12_042": 1, "S12_043": 1, "S12_044": null, "S12_045": 222, "S12_046": 1, "S12_047": 2, "S12_048": null, "S12_049": 0, "乗客数増減_10年間": -372 }, "geometry": { "type": "MultiLineString", "coordinates": [ [ [ 139.44604, 37.68864 ], [ 139.44789, 37.68773 ] ] ] } },
{ "type": "Feature", "properties": { "fid": 189, "S12_001": "五十島", "S12_001c": "001385", "S12_001g": "001385", "S12_002": "東日本旅客鉄道", "S12_003": "磐越西線", "S12_004": 11, "S12_005": 2, "S12_006": 1, "S12_007": 3, "S12_008": null, "S12_009": 0, "S12_010": 1, "S12_011": 3, "S12_012": null, "S12_013": 0, "S12_014": 1, "S12_015": 3, "S12_016": null, "S12_017": 0, "S12_018": 1, "S12_019": 3, "S12_020": null, "S12_021": 0, "S12_022": 1, "S12_023": 3, "S12_024": null, "S12_025": 0, "S12_026": 1, "S12_027": 3, "S12_028": null, "S12_029": 0, "S12_030": 1, "S12_031": 3, "S12_032": null, "S12_033": 0, "S12_034": 1, "S12_035": 3, "S12_036": null, "S12_037": 0, "S12_038": 1, "S12_039": 2, "S12_040": null, "S12_041": 0, "S12_042": 1, "S12_043": 2, "S12_044": null, "S12_045": 0, "S12_046": 1, "S12_047": 2, "S12_048": null, "S12_049": 0, "乗客数増減_10年間": 0 }, "geometry": { "type": "MultiLineString", "coordinates": [ [ [ 139.35406, 37.71526 ], [ 139.35346, 37.71593 ], [ 139.35288, 37.71656 ] ] ] } },
{ "type": "Feature", "properties": { "fid": 190, "S12_001": "日出谷", "S12_001c": "001387", "S12_001g": "001387", "S12_002": "東日本旅客鉄道", "S12_003": "磐越西線", "S12_004": 11, "S12_005": 2, "S12_006": 1, "S12_007": 3, "S12_008": null, "S12_009": 0, "S12_010": 1, "S12_011": 3, "S12_012": null, "S12_013": 0, "S12_014": 1, "S12_015": 3, "S12_016": null, "S12_017": 0, "S12_018": 1, "S12_019": 3, "S12_020": null, "S12_021": 0, "S12_022": 1, "S12_023": 3, "S12_024": null, "S12_025": 0, "S12_026": 1, "S12_027": 3, "S12_028": null, "S12_029": 0, "S12_030": 1, "S12_031": 3, "S12_032": null, "S12_033": 0, "S12_034": 1, "S12_035": 3, "S12_036": null, "S12_037": 0, "S12_038": 1, "S12_039": 2, "S12_040": null, "S12_041": 0, "S12_042": 1, "S12_043": 2, "S12_044": null, "S12_045": 0, "S12_046": 1, "S12_047": 2, "S12_048": null, "S12_049": 0, "乗客数増減_10年間": 0 }, "geometry": { "type": "MultiLineString", "coordinates": [ [ [ 139.53493, 37.70558 ], [ 139.53307, 37.70586 ] ] ] } },
{ "type": "Feature", "properties": { "fid": 191, "S12_001": "三川", "S12_001c": "001386", "S12_001g": "001386", "S12_002": "東日本旅客鉄道", "S12_003": "磐越西線", "S12_004": 11, "S12_005": 2, "S12_006": 1, "S12_007": 3, "S12_008": null, "S12_009": 0, "S12_010": 1, "S12_011": 3, "S12_012": null, "S12_013": 0, "S12_014": 1, "S12_015": 3, "S12_016": null, "S12_017": 0, "S12_018": 1, "S12_019": 3, "S12_020": null, "S12_021": 0, "S12_022": 1, "S12_023": 3, "S12_024": null, "S12_025": 0, "S12_026": 1, "S12_027": 3, "S12_028": null, "S12_029": 0, "S12_030": 1, "S12_031": 3, "S12_032": null, "S12_033": 0, "S12_034": 1, "S12_035": 3, "S12_036": null, "S12_037": 0, "S12_038": 1, "S12_039": 2, "S12_040": null, "S12_041": 0, "S12_042": 1, "S12_043": 2, "S12_044": null, "S12_045": 0, "S12_046": 1, "S12_047": 2, "S12_048": null, "S12_049": 0, "乗客数増減_10年間": 0 }, "geometry": { "type": "MultiLineString", "coordinates": [ [ [ 139.38157, 37.70874 ], [ 139.38142, 37.70806 ] ] ] } },
{ "type": "Feature", "properties": { "fid": 192, "S12_001": "新津", "S12_001c": "001351", "S12_001g": "001349", "S12_002": "東日本旅客鉄道", "S12_003": "磐越西線", "S12_004": 11, "S12_005": 2, "S12_006": 2, "S12_007": 1, "S12_008": null, "S12_009": 0, "S12_010": 2, "S12_011": 1, "S12_012": null, "S12_013": 0, "S12_014": 2, "S12_015": 1, "S12_016": null, "S12_017": 0, "S12_018": 2, "S12_019": 1, "S12_020": null, "S12_021": 0, "S12_022": 2, "S12_023": 1, "S12_024": null, "S12_025": 0, "S12_026": 2, "S12_027": 1, "S12_028": null, "S12_029": 0, "S12_030": 2, "S12_031": 1, "S12_032": null, "S12_033": 0, "S12_034": 2, "S12_035": 1, "S12_036": null, "S12_037": 0, "S12_038": 2, "S12_039": 1, "S12_040": null, "S12_041": 0, "S12_042": 2, "S12_043": 1, "S12_044": null, "S12_045": 0, "S12_046": 2, "S12_047": 1, "S12_048": null, "S12_049": 0, "乗客数増減_10年間": 0 }, "geometry": { "type": "MultiLineString", "coordinates": [ [ [ 139.12122, 37.79892 ], [ 139.1212, 37.80168 ] ] ] } },
{ "type": "Feature", "properties": { "fid": 193, "S12_001": "馬下", "S12_001c": "001377", "S12_001g": "001377", "S12_002": "東日本旅客鉄道", "S12_003": "磐越西線", "S12_004": 11, "S12_005": 2, "S12_006": 1, "S12_007": 3, "S12_008": null, "S12_009": 0, "S12_010": 1, "S12_011": 3, "S12_012": null, "S12_013": 0, "S12_014": 1, "S12_015": 3, "S12_016": null, "S12_017": 0, "S12_018": 1, "S12_019": 3, "S12_020": null, "S12_021": 0, "S12_022": 1, "S12_023": 3, "S12_024": null, "S12_025": 0, "S12_026": 1, "S12_027": 3, "S12_028": null, "S12_029": 0, "S12_030": 1, "S12_031": 3, "S12_032": null, "S12_033": 0, "S12_034": 1, "S12_035": 3, "S12_036": null, "S12_037": 0, "S12_038": 1, "S12_039": 2, "S12_040": null, "S12_041": 0, "S12_042": 1, "S12_043": 2, "S12_044": null, "S12_045": 0, "S12_046": 1, "S12_047": 2, "S12_048": null, "S12_049": 0, "乗客数増減_10年間": 0 }, "geometry": { "type": "MultiLineString", "coordinates": [ [ [ 139.26116, 37.73774 ], [ 139.25999, 37.7375 ], [ 139.25997, 37.73749 ] ] ] } },
{ "type": "Feature", "properties": { "fid": 194, "S12_001": "豊実", "S12_001c": "001398", "S12_001g": "001398", "S12_002": "東日本旅客鉄道", "S12_003": "磐越西線", "S12_004": 11, "S12_005": 2, "S12_006": 1, "S12_007": 3, "S12_008": null, "S12_009": 0, "S12_010": 1, "S12_011": 3, "S12_012": null, "S12_013": 0, "S12_014": 1, "S12_015": 3, "S12_016": null, "S12_017": 0, "S12_018": 1, "S12_019": 3, "S12_020": null, "S12_021": 0, "S12_022": 1, "S12_023": 3, "S12_024": null, "S12_025": 0, "S12_026": 1, "S12_027": 3, "S12_028": null, "S12_029": 0, "S12_030": 1, "S12_031": 3, "S12_032": null, "S12_033": 0, "S12_034": 1, "S12_035": 3, "S12_036": null, "S12_037": 0, "S12_038": 1, "S12_039": 2, "S12_040": null, "S12_041": 0, "S12_042": 1, "S12_043": 2, "S12_044": null, "S12_045": 0, "S12_046": 1, "S12_047": 2, "S12_048": null, "S12_049": 0, "乗客数増減_10年間": 0 }, "geometry": { "type": "MultiLineString", "coordinates": [ [ [ 139.57584, 37.6801 ], [ 139.57645, 37.6806 ], [ 139.57674, 37.68087 ] ] ] } },
{ "type": "Feature", "properties": { "fid": 195, "S12_001": "五泉", "S12_001c": "001380", "S12_001g": "001380", "S12_002": "東日本旅客鉄道", "S12_003": "磐越西線", "S12_004": 11, "S12_005": 2, "S12_006": 1, "S12_007": 1, "S12_008": null, "S12_009": 2296, "S12_010": 1, "S12_011": 1, "S12_012": null, "S12_013": 2242, "S12_014": 1, "S12_015": 1, "S12_016": null, "S12_017": 2284, "S12_018": 1, "S12_019": 1, "S12_020": null, "S12_021": 2416, "S12_022": 1, "S12_023": 1, "S12_024": null, "S12_025": 2236, "S12_026": 1, "S12_027": 1, "S12_028": null, "S12_029": 2140, "S12_030": 1, "S12_031": 1, "S12_032": null, "S12_033": 2140, "S12_034": 1, "S12_035": 1, "S12_036": null, "S12_037": 2170, "S12_038": 1, "S12_039": 1, "S12_040": null, "S12_041": 2170, "S12_042": 1, "S12_043": 1, "S12_044": null, "S12_045": 1958, "S12_046": 1, "S12_047": 1, "S12_048": null, "S12_049": 1880, "乗客数増減_10年間": -416 }, "geometry": { "type": "MultiLineString", "coordinates": [ [ [ 139.17874, 37.73468 ], [ 139.17979, 37.73437 ], [ 139.18085, 37.73406 ] ] ] } },
{ "type": "Feature", "properties": { "fid": 196, "S12_001": "東新津", "S12_001c": "001357", "S12_001g": "001357", "S12_002": "東日本旅客鉄道", "S12_003": "磐越西線", "S12_004": 11, "S12_005": 2, "S12_006": 1, "S12_007": 3, "S12_008": null, "S12_009": 0, "S12_010": 1, "S12_011": 3, "S12_012": null, "S12_013": 0, "S12_014": 1, "S12_015": 3, "S12_016": null, "S12_017": 0, "S12_018": 1, "S12_019": 3, "S12_020": null, "S12_021": 0, "S12_022": 1, "S12_023": 3, "S12_024": null, "S12_025": 0, "S12_026": 1, "S12_027": 3, "S12_028": null, "S12_029": 0, "S12_030": 1, "S12_031": 3, "S12_032": null, "S12_033": 0, "S12_034": 1, "S12_035": 3, "S12_036": null, "S12_037": 0, "S12_038": 1, "S12_039": 2, "S12_040": null, "S12_041": 0, "S12_042": 1, "S12_043": 2, "S12_044": null, "S12_045": 0, "S12_046": 1, "S12_047": 2, "S12_048": null, "S12_049": 0, "乗客数増減_10年間": 0 }, "geometry": { "type": "MultiLineString", "coordinates": [ [ [ 139.14317, 37.78795 ], [ 139.144, 37.7875 ] ] ] } },
{ "type": "Feature", "properties": { "fid": 197, "S12_001": "猿和田", "S12_001c": "001381", "S12_001g": "001381", "S12_002": "東日本旅客鉄道", "S12_003": "磐越西線", "S12_004": 11, "S12_005": 2, "S12_006": 1, "S12_007": 3, "S12_008": null, "S12_009": 0, "S12_010": 1, "S12_011": 3, "S12_012": null, "S12_013": 0, "S12_014": 1, "S12_015": 3, "S12_016": null, "S12_017": 0, "S12_018": 1, "S12_019": 3, "S12_020": null, "S12_021": 0, "S12_022": 1, "S12_023": 3, "S12_024": null, "S12_025": 0, "S12_026": 1, "S12_027": 3, "S12_028": null, "S12_029": 0, "S12_030": 1, "S12_031": 3, "S12_032": null, "S12_033": 0, "S12_034": 1, "S12_035": 3, "S12_036": null, "S12_037": 0, "S12_038": 1, "S12_039": 2, "S12_040": null, "S12_041": 0, "S12_042": 1, "S12_043": 2, "S12_044": null, "S12_045": 0, "S12_046": 1, "S12_047": 2, "S12_048": null, "S12_049": 0, "乗客数増減_10年間": 0 }, "geometry": { "type": "MultiLineString", "coordinates": [ [ [ 139.22151, 37.72964 ], [ 139.22231, 37.72963 ], [ 139.22325, 37.72961 ] ] ] } },
{ "type": "Feature", "properties": { "fid": 198, "S12_001": "咲花", "S12_001c": "001379", "S12_001g": "001379", "S12_002": "東日本旅客鉄道", "S12_003": "磐越西線", "S12_004": 11, "S12_005": 2, "S12_006": 1, "S12_007": 3, "S12_008": null, "S12_009": 0, "S12_010": 1, "S12_011": 3, "S12_012": null, "S12_013": 0, "S12_014": 1, "S12_015": 3, "S12_016": null, "S12_017": 0, "S12_018": 1, "S12_019": 3, "S12_020": null, "S12_021": 0, "S12_022": 1, "S12_023": 3, "S12_024": null, "S12_025": 0, "S12_026": 1, "S12_027": 3, "S12_028": null, "S12_029": 0, "S12_030": 1, "S12_031": 3, "S12_032": null, "S12_033": 0, "S12_034": 1, "S12_035": 3, "S12_036": null, "S12_037": 0, "S12_038": 1, "S12_039": 2, "S12_040": null, "S12_041": 0, "S12_042": 1, "S12_043": 2, "S12_044": null, "S12_045": 0, "S12_046": 1, "S12_047": 2, "S12_048": null, "S12_049": 0, "乗客数増減_10年間": 0 }, "geometry": { "type": "MultiLineString", "coordinates": [ [ [ 139.29154, 37.73514 ], [ 139.29059, 37.73493 ], [ 139.29058, 37.73493 ] ] ] } },
{ "type": "Feature", "properties": { "fid": 199, "S12_001": "越後大島", "S12_001c": "001231", "S12_001g": "001231", "S12_002": "東日本旅客鉄道", "S12_003": "米坂線", "S12_004": 11, "S12_005": 2, "S12_006": 1, "S12_007": 3, "S12_008": null, "S12_009": 0, "S12_010": 1, "S12_011": 3, "S12_012": null, "S12_013": 0, "S12_014": 1, "S12_015": 3, "S12_016": null, "S12_017": 0, "S12_018": 1, "S12_019": 3, "S12_020": null, "S12_021": 0, "S12_022": 1, "S12_023": 3, "S12_024": null, "S12_025": 0, "S12_026": 1, "S12_027": 3, "S12_028": null, "S12_029": 0, "S12_030": 1, "S12_031": 3, "S12_032": null, "S12_033": 0, "S12_034": 1, "S12_035": 3, "S12_036": null, "S12_037": 0, "S12_038": 1, "S12_039": 2, "S12_040": null, "S12_041": 0, "S12_042": 1, "S12_043": 2, "S12_044": null, "S12_045": 0, "S12_046": 1, "S12_047": 2, "S12_048": null, "S12_049": 0, "乗客数増減_10年間": 0 }, "geometry": { "type": "MultiLineString", "coordinates": [ [ [ 139.51902, 38.09946 ], [ 139.51763, 38.09983 ] ] ] } },
{ "type": "Feature", "properties": { "fid": 200, "S12_001": "越後下関", "S12_001c": "001235", "S12_001g": "001235", "S12_002": "東日本旅客鉄道", "S12_003": "米坂線", "S12_004": 11, "S12_005": 2, "S12_006": 1, "S12_007": 1, "S12_008": null, "S12_009": 216, "S12_010": 1, "S12_011": 1, "S12_012": null, "S12_013": 220, "S12_014": 1, "S12_015": 1, "S12_016": null, "S12_017": 220, "S12_018": 1, "S12_019": 1, "S12_020": null, "S12_021": 218, "S12_022": 1, "S12_023": 1, "S12_024": null, "S12_025": 206, "S12_026": 1, "S12_027": 1, "S12_028": null, "S12_029": 196, "S12_030": 1, "S12_031": 1, "S12_032": null, "S12_033": 184, "S12_034": 1, "S12_035": 1, "S12_036": null, "S12_037": 172, "S12_038": 1, "S12_039": 1, "S12_040": null, "S12_041": 172, "S12_042": 1, "S12_043": 1, "S12_044": null, "S12_045": 152, "S12_046": 1, "S12_047": 2, "S12_048": null, "S12_049": 0, "乗客数増減_10年間": -216 }, "geometry": { "type": "MultiLineString", "coordinates": [ [ [ 139.5609, 38.08984 ], [ 139.5594, 38.09013 ] ] ] } },
{ "type": "Feature", "properties": { "fid": 201, "S12_001": "坂町", "S12_001c": "001226", "S12_001g": "001225", "S12_002": "東日本旅客鉄道", "S12_003": "米坂線", "S12_004": 11, "S12_005": 2, "S12_006": 2, "S12_007": 1, "S12_008": null, "S12_009": 0, "S12_010": 2, "S12_011": 1, "S12_012": null, "S12_013": 0, "S12_014": 2, "S12_015": 1, "S12_016": null, "S12_017": 0, "S12_018": 2, "S12_019": 1, "S12_020": null, "S12_021": 0, "S12_022": 2, "S12_023": 1, "S12_024": null, "S12_025": 0, "S12_026": 2, "S12_027": 1, "S12_028": null, "S12_029": 0, "S12_030": 2, "S12_031": 1, "S12_032": null, "S12_033": 0, "S12_034": 2, "S12_035": 1, "S12_036": null, "S12_037": 0, "S12_038": 2, "S12_039": 1, "S12_040": null, "S12_041": 0, "S12_042": 2, "S12_043": 1, "S12_044": null, "S12_045": 0, "S12_046": 2, "S12_047": 1, "S12_048": null, "S12_049": 0, "乗客数増減_10年間": 0 }, "geometry": { "type": "MultiLineString", "coordinates": [ [ [ 139.44475, 38.11798 ], [ 139.44581, 38.11927 ], [ 139.44695, 38.12061 ] ] ] } },
{ "type": "Feature", "properties": { "fid": 202, "S12_001": "越後片貝", "S12_001c": "001240", "S12_001g": "001240", "S12_002": "東日本旅客鉄道", "S12_003": "米坂線", "S12_004": 11, "S12_005": 2, "S12_006": 1, "S12_007": 3, "S12_008": null, "S12_009": 0, "S12_010": 1, "S12_011": 3, "S12_012": null, "S12_013": 0, "S12_014": 1, "S12_015": 3, "S12_016": null, "S12_017": 0, "S12_018": 1, "S12_019": 3, "S12_020": null, "S12_021": 0, "S12_022": 1, "S12_023": 3, "S12_024": null, "S12_025": 0, "S12_026": 1, "S12_027": 3, "S12_028": null, "S12_029": 0, "S12_030": 1, "S12_031": 3, "S12_032": null, "S12_033": 0, "S12_034": 1, "S12_035": 3, "S12_036": null, "S12_037": 0, "S12_038": 1, "S12_039": 2, "S12_040": null, "S12_041": 0, "S12_042": 1, "S12_043": 2, "S12_044": null, "S12_045": 0, "S12_046": 1, "S12_047": 2, "S12_048": null, "S12_049": 0, "乗客数増減_10年間": 0 }, "geometry": { "type": "MultiLineString", "coordinates": [ [ [ 139.62289, 38.07099 ], [ 139.62194, 38.07056 ] ] ] } },
{ "type": "Feature", "properties": { "fid": 203, "S12_001": "越後金丸", "S12_001c": "001242", "S12_001g": "001242", "S12_002": "東日本旅客鉄道", "S12_003": "米坂線", "S12_004": 11, "S12_005": 2, "S12_006": 1, "S12_007": 3, "S12_008": null, "S12_009": 0, "S12_010": 1, "S12_011": 3, "S12_012": null, "S12_013": 0, "S12_014": 1, "S12_015": 3, "S12_016": null, "S12_017": 0, "S12_018": 1, "S12_019": 3, "S12_020": null, "S12_021": 0, "S12_022": 1, "S12_023": 3, "S12_024": null, "S12_025": 0, "S12_026": 1, "S12_027": 3, "S12_028": null, "S12_029": 0, "S12_030": 1, "S12_031": 3, "S12_032": null, "S12_033": 0, "S12_034": 1, "S12_035": 3, "S12_036": null, "S12_037": 0, "S12_038": 1, "S12_039": 2, "S12_040": null, "S12_041": 0, "S12_042": 1, "S12_043": 2, "S12_044": null, "S12_045": 0, "S12_046": 1, "S12_047": 2, "S12_048": null, "S12_049": 0, "乗客数増減_10年間": 0 }, "geometry": { "type": "MultiLineString", "coordinates": [ [ [ 139.66362, 38.06614 ], [ 139.66343, 38.06688 ] ] ] } },
{ "type": "Feature", "properties": { "fid": 204, "S12_001": "矢作", "S12_001c": "001393", "S12_001g": "001393", "S12_002": "東日本旅客鉄道", "S12_003": "弥彦線", "S12_004": 11, "S12_005": 2, "S12_006": 1, "S12_007": 3, "S12_008": null, "S12_009": 0, "S12_010": 1, "S12_011": 3, "S12_012": null, "S12_013": 0, "S12_014": 1, "S12_015": 3, "S12_016": null, "S12_017": 0, "S12_018": 1, "S12_019": 3, "S12_020": null, "S12_021": 0, "S12_022": 1, "S12_023": 3, "S12_024": null, "S12_025": 0, "S12_026": 1, "S12_027": 3, "S12_028": null, "S12_029": 0, "S12_030": 1, "S12_031": 3, "S12_032": null, "S12_033": 0, "S12_034": 1, "S12_035": 3, "S12_036": null, "S12_037": 0, "S12_038": 1, "S12_039": 2, "S12_040": null, "S12_041": 0, "S12_042": 1, "S12_043": 2, "S12_044": null, "S12_045": 0, "S12_046": 1, "S12_047": 2, "S12_048": null, "S12_049": 0, "乗客数増減_10年間": 0 }, "geometry": { "type": "MultiLineString", "coordinates": [ [ [ 138.85131, 37.69081 ], [ 138.85202, 37.69049 ] ] ] } },
{ "type": "Feature", "properties": { "fid": 205, "S12_001": "燕", "S12_001c": "001401", "S12_001g": "001401", "S12_002": "東日本旅客鉄道", "S12_003": "弥彦線", "S12_004": 11, "S12_005": 2, "S12_006": 1, "S12_007": 1, "S12_008": null, "S12_009": 2280, "S12_010": 1, "S12_011": 1, "S12_012": null, "S12_013": 2368, "S12_014": 1, "S12_015": 1, "S12_016": null, "S12_017": 2356, "S12_018": 1, "S12_019": 1, "S12_020": null, "S12_021": 2274, "S12_022": 1, "S12_023": 1, "S12_024": null, "S12_025": 2138, "S12_026": 1, "S12_027": 1, "S12_028": null, "S12_029": 2080, "S12_030": 1, "S12_031": 1, "S12_032": null, "S12_033": 2052, "S12_034": 1, "S12_035": 1, "S12_036": null, "S12_037": 1918, "S12_038": 1, "S12_039": 1, "S12_040": null, "S12_041": 1918, "S12_042": 1, "S12_043": 1, "S12_044": null, "S12_045": 1618, "S12_046": 1, "S12_047": 2, "S12_048": null, "S12_049": 0, "乗客数増減_10年間": -2280 }, "geometry": { "type": "MultiLineString", "coordinates": [ [ [ 138.92737, 37.66776 ], [ 138.9296, 37.66752 ] ] ] } },
{ "type": "Feature", "properties": { "fid": 206, "S12_001": "弥彦", "S12_001c": "001390", "S12_001g": "001390", "S12_002": "東日本旅客鉄道", "S12_003": "弥彦線", "S12_004": 11, "S12_005": 2, "S12_006": 1, "S12_007": 1, "S12_008": null, "S12_009": 536, "S12_010": 1, "S12_011": 1, "S12_012": null, "S12_013": 498, "S12_014": 1, "S12_015": 1, "S12_016": null, "S12_017": 490, "S12_018": 1, "S12_019": 1, "S12_020": null, "S12_021": 502, "S12_022": 1, "S12_023": 1, "S12_024": null, "S12_025": 518, "S12_026": 1, "S12_027": 1, "S12_028": null, "S12_029": 504, "S12_030": 1, "S12_031": 1, "S12_032": null, "S12_033": 462, "S12_034": 1, "S12_035": 1, "S12_036": null, "S12_037": 424, "S12_038": 1, "S12_039": 1, "S12_040": null, "S12_041": 424, "S12_042": 1, "S12_043": 1, "S12_044": null, "S12_045": 308, "S12_046": 1, "S12_047": 2, "S12_048": null, "S12_049": 0, "乗客数増減_10年間": -536 }, "geometry": { "type": "MultiLineString", "coordinates": [ [ [ 138.83115, 37.69904 ], [ 138.83241, 37.69935 ] ] ] } },
{ "type": "Feature", "properties": { "fid": 207, "S12_001": "吉田", "S12_001c": "001396", "S12_001g": "001395", "S12_002": "東日本旅客鉄道", "S12_003": "弥彦線", "S12_004": 11, "S12_005": 2, "S12_006": 1, "S12_007": 1, "S12_008": null, "S12_009": 3490, "S12_010": 1, "S12_011": 1, "S12_012": null, "S12_013": 3444, "S12_014": 1, "S12_015": 1, "S12_016": null, "S12_017": 3454, "S12_018": 1, "S12_019": 1, "S12_020": null, "S12_021": 3384, "S12_022": 1, "S12_023": 1, "S12_024": null, "S12_025": 3158, "S12_026": 1, "S12_027": 1, "S12_028": null, "S12_029": 3160, "S12_030": 1, "S12_031": 1, "S12_032": null, "S12_033": 3166, "S12_034": 1, "S12_035": 1, "S12_036": null, "S12_037": 2980, "S12_038": 1, "S12_039": 1, "S12_040": null, "S12_041": 2980, "S12_042": 1, "S12_043": 1, "S12_044": null, "S12_045": 2454, "S12_046": 1, "S12_047": 1, "S12_048": null, "S12_049": 2306, "乗客数増減_10年間": -1184 }, "geometry": { "type": "MultiLineString", "coordinates": [ [ [ 138.87973, 37.68775 ], [ 138.87745, 37.68645 ] ] ] } },
{ "type": "Feature", "properties": { "fid": 208, "S12_001": "西燕", "S12_001c": "001399", "S12_001g": "001399", "S12_002": "東日本旅客鉄道", "S12_003": "弥彦線", "S12_004": 11, "S12_005": 2, "S12_006": 1, "S12_007": 3, "S12_008": null, "S12_009": 0, "S12_010": 1, "S12_011": 3, "S12_012": null, "S12_013": 0, "S12_014": 1, "S12_015": 3, "S12_016": null, "S12_017": 0, "S12_018": 1, "S12_019": 3, "S12_020": null, "S12_021": 0, "S12_022": 1, "S12_023": 3, "S12_024": null, "S12_025": 0, "S12_026": 1, "S12_027": 3, "S12_028": null, "S12_029": 0, "S12_030": 1, "S12_031": 3, "S12_032": null, "S12_033": 0, "S12_034": 1, "S12_035": 3, "S12_036": null, "S12_037": 0, "S12_038": 1, "S12_039": 2, "S12_040": null, "S12_041": 0, "S12_042": 1, "S12_043": 2, "S12_044": null, "S12_045": 0, "S12_046": 1, "S12_047": 2, "S12_048": null, "S12_049": 0, "乗客数増減_10年間": 0 }, "geometry": { "type": "MultiLineString", "coordinates": [ [ [ 138.9096, 37.67947 ], [ 138.90891, 37.6801 ] ] ] } },
{ "type": "Feature", "properties": { "fid": 209, "S12_001": "北三条", "S12_001c": "001413", "S12_001g": "001413", "S12_002": "東日本旅客鉄道", "S12_003": "弥彦線", "S12_004": 11, "S12_005": 2, "S12_006": 1, "S12_007": 1, "S12_008": null, "S12_009": 796, "S12_010": 1, "S12_011": 1, "S12_012": null, "S12_013": 826, "S12_014": 1, "S12_015": 1, "S12_016": null, "S12_017": 834, "S12_018": 1, "S12_019": 1, "S12_020": null, "S12_021": 864, "S12_022": 1, "S12_023": 1, "S12_024": null, "S12_025": 786, "S12_026": 1, "S12_027": 1, "S12_028": null, "S12_029": 806, "S12_030": 1, "S12_031": 1, "S12_032": null, "S12_033": 778, "S12_034": 1, "S12_035": 1, "S12_036": null, "S12_037": 732, "S12_038": 1, "S12_039": 1, "S12_040": null, "S12_041": 732, "S12_042": 1, "S12_043": 1, "S12_044": null, "S12_045": 592, "S12_046": 1, "S12_047": 2, "S12_048": null, "S12_049": 0, "乗客数増減_10年間": -796 }, "geometry": { "type": "MultiLineString", "coordinates": [ [ [ 138.95487, 37.63289 ], [ 138.95638, 37.63264 ] ] ] } },
{ "type": "Feature", "properties": { "fid": 210, "S12_001": "燕三条", "S12_001c": "001406", "S12_001g": "001406", "S12_002": "東日本旅客鉄道", "S12_003": "弥彦線", "S12_004": 11, "S12_005": 2, "S12_006": 1, "S12_007": 1, "S12_008": null, "S12_009": 3908, "S12_010": 1, "S12_011": 1, "S12_012": null, "S12_013": 3986, "S12_014": 1, "S12_015": 1, "S12_016": null, "S12_017": 4284, "S12_018": 1, "S12_019": 1, "S12_020": null, "S12_021": 4436, "S12_022": 1, "S12_023": 1, "S12_024": null, "S12_025": 4932, "S12_026": 1, "S12_027": 1, "S12_028": null, "S12_029": 4400, "S12_030": 1, "S12_031": 1, "S12_032": null, "S12_033": 4464, "S12_034": 1, "S12_035": 1, "S12_036": null, "S12_037": 4636, "S12_038": 1, "S12_039": 1, "S12_040": null, "S12_041": 4636, "S12_042": 1, "S12_043": 1, "S12_044": null, "S12_045": 2074, "S12_046": 1, "S12_047": 1, "S12_048": null, "S12_049": 2618, "乗客数増減_10年間": -1290 }, "geometry": { "type": "MultiLineString", "coordinates": [ [ [ 138.93878, 37.64957 ], [ 138.94008, 37.64852 ], [ 138.94009, 37.64852 ] ] ] } },
{ "type": "Feature", "properties": { "fid": 211, "S12_001": "東三条", "S12_001c": "001416", "S12_001g": "001415", "S12_002": "東日本旅客鉄道", "S12_003": "弥彦線", "S12_004": 11, "S12_005": 2, "S12_006": 2, "S12_007": 1, "S12_008": null, "S12_009": 0, "S12_010": 2, "S12_011": 1, "S12_012": null, "S12_013": 0, "S12_014": 2, "S12_015": 1, "S12_016": null, "S12_017": 0, "S12_018": 2, "S12_019": 1, "S12_020": null, "S12_021": 0, "S12_022": 2, "S12_023": 1, "S12_024": null, "S12_025": 0, "S12_026": 2, "S12_027": 1, "S12_028": null, "S12_029": 0, "S12_030": 2, "S12_031": 2, "S12_032": null, "S12_033": 0, "S12_034": 2, "S12_035": 2, "S12_036": null, "S12_037": 0, "S12_038": 2, "S12_039": 1, "S12_040": null, "S12_041": 0, "S12_042": 2, "S12_043": 1, "S12_044": null, "S12_045": 0, "S12_046": 2, "S12_047": 1, "S12_048": null, "S12_049": 0, "乗客数増減_10年間": 0 }, "geometry": { "type": "MultiLineString", "coordinates": [ [ [ 138.97668, 37.629 ], [ 138.97283, 37.62809 ] ] ] } },
{ "type": "Feature", "properties": { "fid": 212, "S12_001": "くびき", "S12_001c": "001590", "S12_001g": "001590", "S12_002": "北越急行", "S12_003": "ほくほく線", "S12_004": 12, "S12_005": 5, "S12_006": 1, "S12_007": 1, "S12_008": null, "S12_009": 165, "S12_010": 1, "S12_011": 1, "S12_012": null, "S12_013": 183, "S12_014": 1, "S12_015": 1, "S12_016": null, "S12_017": 142, "S12_018": 1, "S12_019": 1, "S12_020": null, "S12_021": 150, "S12_022": 1, "S12_023": 1, "S12_024": null, "S12_025": 121, "S12_026": 1, "S12_027": 1, "S12_028": null, "S12_029": 115, "S12_030": 1, "S12_031": 1, "S12_032": null, "S12_033": 138, "S12_034": 1, "S12_035": 1, "S12_036": null, "S12_037": 137, "S12_038": 1, "S12_039": 1, "S12_040": null, "S12_041": 157, "S12_042": 1, "S12_043": 2, "S12_044": null, "S12_045": 0, "S12_046": 1, "S12_047": 2, "S12_048": null, "S12_049": 0, "乗客数増減_10年間": -165 }, "geometry": { "type": "MultiLineString", "coordinates": [ [ [ 138.36132, 37.19838 ], [ 138.36195, 37.19791 ] ] ] } },
{ "type": "Feature", "properties": { "fid": 213, "S12_001": "魚沼丘陵", "S12_001c": "001638", "S12_001g": "001638", "S12_002": "北越急行", "S12_003": "ほくほく線", "S12_004": 12, "S12_005": 5, "S12_006": 1, "S12_007": 1, "S12_008": null, "S12_009": 107, "S12_010": 1, "S12_011": 1, "S12_012": null, "S12_013": 109, "S12_014": 1, "S12_015": 1, "S12_016": null, "S12_017": 105, "S12_018": 1, "S12_019": 1, "S12_020": null, "S12_021": 98, "S12_022": 1, "S12_023": 1, "S12_024": null, "S12_025": 111, "S12_026": 1, "S12_027": 1, "S12_028": null, "S12_029": 123, "S12_030": 1, "S12_031": 1, "S12_032": null, "S12_033": 121, "S12_034": 1, "S12_035": 1, "S12_036": null, "S12_037": 124, "S12_038": 1, "S12_039": 1, "S12_040": null, "S12_041": 126, "S12_042": 1, "S12_043": 2, "S12_044": null, "S12_045": 0, "S12_046": 1, "S12_047": 2, "S12_048": null, "S12_049": 0, "乗客数増減_10年間": -107 }, "geometry": { "type": "MultiLineString", "coordinates": [ [ [ 138.87721, 37.09632 ], [ 138.87792, 37.09592 ] ] ] } },
{ "type": "Feature", "properties": { "fid": 214, "S12_001": "大池いこいの森", "S12_001c": "001593", "S12_001g": "001593", "S12_002": "北越急行", "S12_003": "ほくほく線", "S12_004": 12, "S12_005": 5, "S12_006": 1, "S12_007": 1, "S12_008": null, "S12_009": 21, "S12_010": 1, "S12_011": 1, "S12_012": null, "S12_013": 19, "S12_014": 1, "S12_015": 1, "S12_016": null, "S12_017": 6, "S12_018": 1, "S12_019": 1, "S12_020": null, "S12_021": 18, "S12_022": 1, "S12_023": 1, "S12_024": null, "S12_025": 13, "S12_026": 1, "S12_027": 1, "S12_028": null, "S12_029": 17, "S12_030": 1, "S12_031": 1, "S12_032": null, "S12_033": 12, "S12_034": 1, "S12_035": 1, "S12_036": null, "S12_037": 10, "S12_038": 1, "S12_039": 1, "S12_040": null, "S12_041": 8, "S12_042": 1, "S12_043": 2, "S12_044": null, "S12_045": 0, "S12_046": 1, "S12_047": 2, "S12_048": null, "S12_049": 0, "乗客数増減_10年間": -21 }, "geometry": { "type": "MultiLineString", "coordinates": [ [ [ 138.37379, 37.18418 ], [ 138.37308, 37.1846 ] ] ] } },
{ "type": "Feature", "properties": { "fid": 215, "S12_001": "しんざ", "S12_001c": "001619", "S12_001g": "001619", "S12_002": "北越急行", "S12_003": "ほくほく線", "S12_004": 12, "S12_005": 5, "S12_006": 1, "S12_007": 1, "S12_008": null, "S12_009": 96, "S12_010": 1, "S12_011": 1, "S12_012": null, "S12_013": 102, "S12_014": 1, "S12_015": 1, "S12_016": null, "S12_017": 101, "S12_018": 1, "S12_019": 1, "S12_020": null, "S12_021": 105, "S12_022": 1, "S12_023": 1, "S12_024": null, "S12_025": 109, "S12_026": 1, "S12_027": 1, "S12_028": null, "S12_029": 122, "S12_030": 1, "S12_031": 1, "S12_032": null, "S12_033": 137, "S12_034": 1, "S12_035": 1, "S12_036": null, "S12_037": 170, "S12_038": 1, "S12_039": 1, "S12_040": null, "S12_041": 163, "S12_042": 1, "S12_043": 2, "S12_044": null, "S12_045": 0, "S12_046": 1, "S12_047": 2, "S12_048": null, "S12_049": 0, "乗客数増減_10年間": -96 }, "geometry": { "type": "MultiLineString", "coordinates": [ [ [ 138.76803, 37.13984 ], [ 138.76877, 37.13952 ] ] ] } },
{ "type": "Feature", "properties": { "fid": 216, "S12_001": "ほくほく大島", "S12_001c": "001615", "S12_001g": "001615", "S12_002": "北越急行", "S12_003": "ほくほく線", "S12_004": 12, "S12_005": 5, "S12_006": 1, "S12_007": 1, "S12_008": null, "S12_009": 137, "S12_010": 1, "S12_011": 1, "S12_012": null, "S12_013": 137, "S12_014": 1, "S12_015": 1, "S12_016": null, "S12_017": 112, "S12_018": 1, "S12_019": 1, "S12_020": null, "S12_021": 106, "S12_022": 1, "S12_023": 1, "S12_024": null, "S12_025": 102, "S12_026": 1, "S12_027": 1, "S12_028": null, "S12_029": 94, "S12_030": 1, "S12_031": 1, "S12_032": null, "S12_033": 104, "S12_034": 1, "S12_035": 1, "S12_036": null, "S12_037": 79, "S12_038": 1, "S12_039": 1, "S12_040": null, "S12_041": 72, "S12_042": 1, "S12_043": 2, "S12_044": null, "S12_045": 0, "S12_046": 1, "S12_047": 2, "S12_048": null, "S12_049": 0, "乗客数増減_10年間": -137 }, "geometry": { "type": "MultiLineString", "coordinates": [ [ [ 138.50996, 37.14693 ], [ 138.50913, 37.14708 ] ] ] } },
{ "type": "Feature", "properties": { "fid": 217, "S12_001": "美佐島", "S12_001c": "001624", "S12_001g": "001624", "S12_002": "北越急行", "S12_003": "ほくほく線", "S12_004": 12, "S12_005": 5, "S12_006": 1, "S12_007": 1, "S12_008": null, "S12_009": 9, "S12_010": 1, "S12_011": 1, "S12_012": null, "S12_013": 4, "S12_014": 1, "S12_015": 1, "S12_016": null, "S12_017": 5, "S12_018": 1, "S12_019": 1, "S12_020": null, "S12_021": 10, "S12_022": 1, "S12_023": 1, "S12_024": null, "S12_025": 3, "S12_026": 1, "S12_027": 1, "S12_028": null, "S12_029": 4, "S12_030": 1, "S12_031": 1, "S12_032": null, "S12_033": 9, "S12_034": 1, "S12_035": 1, "S12_036": null, "S12_037": 4, "S12_038": 1, "S12_039": 1, "S12_040": null, "S12_041": 7, "S12_042": 1, "S12_043": 2, "S12_044": null, "S12_045": 0, "S12_046": 1, "S12_047": 2, "S12_048": null, "S12_049": 0, "乗客数増減_10年間": -9 }, "geometry": { "type": "MultiLineString", "coordinates": [ [ [ 138.78953, 37.13109 ], [ 138.7903, 37.13079 ] ] ] } },
{ "type": "Feature", "properties": { "fid": 218, "S12_001": "十日町", "S12_001c": "001622", "S12_001g": "001621", "S12_002": "北越急行", "S12_003": "ほくほく線", "S12_004": 12, "S12_005": 5, "S12_006": 1, "S12_007": 1, "S12_008": null, "S12_009": 1257, "S12_010": 1, "S12_011": 1, "S12_012": null, "S12_013": 1254, "S12_014": 1, "S12_015": 1, "S12_016": null, "S12_017": 1384, "S12_018": 1, "S12_019": 1, "S12_020": null, "S12_021": 1297, "S12_022": 1, "S12_023": 1, "S12_024": null, "S12_025": 1329, "S12_026": 1, "S12_027": 1, "S12_028": null, "S12_029": 1340, "S12_030": 1, "S12_031": 1, "S12_032": null, "S12_033": 1418, "S12_034": 1, "S12_035": 1, "S12_036": null, "S12_037": 1559, "S12_038": 1, "S12_039": 1, "S12_040": null, "S12_041": 1486, "S12_042": 1, "S12_043": 2, "S12_044": null, "S12_045": 0, "S12_046": 1, "S12_047": 2, "S12_048": null, "S12_049": 0, "乗客数増減_10年間": -1257 }, "geometry": { "type": "MultiLineString", "coordinates": [ [ [ 138.75545, 37.13372 ], [ 138.75651, 37.1355 ] ] ] } },
{ "type": "Feature", "properties": { "fid": 219, "S12_001": "六日町", "S12_001c": "001654", "S12_001g": "001654", "S12_002": "北越急行", "S12_003": "ほくほく線", "S12_004": 12, "S12_005": 5, "S12_006": 2, "S12_007": 1, "S12_008": null, "S12_009": 0, "S12_010": 2, "S12_011": 1, "S12_012": null, "S12_013": 0, "S12_014": 2, "S12_015": 1, "S12_016": null, "S12_017": 0, "S12_018": 2, "S12_019": 1, "S12_020": null, "S12_021": 0, "S12_022": 2, "S12_023": 1, "S12_024": null, "S12_025": 0, "S12_026": 1, "S12_027": 1, "S12_028": null, "S12_029": 1001, "S12_030": 1, "S12_031": 1, "S12_032": null, "S12_033": 1017, "S12_034": 1, "S12_035": 1, "S12_036": null, "S12_037": 4808, "S12_038": 1, "S12_039": 1, "S12_040": null, "S12_041": 0, "S12_042": 1, "S12_043": 1, "S12_044": null, "S12_045": 0, "S12_046": 1, "S12_047": 1, "S12_048": null, "S12_049": 0, "乗客数増減_10年間": 0 }, "geometry": { "type": "MultiLineString", "coordinates": [ [ [ 138.87587, 37.06735 ], [ 138.8764, 37.0679 ] ] ] } },
{ "type": "Feature", "properties": { "fid": 220, "S12_001": "まつだい", "S12_001c": "001623", "S12_001g": "001623", "S12_002": "北越急行", "S12_003": "ほくほく線", "S12_004": 12, "S12_005": 5, "S12_006": 1, "S12_007": 1, "S12_008": null, "S12_009": 616, "S12_010": 1, "S12_011": 1, "S12_012": null, "S12_013": 625, "S12_014": 1, "S12_015": 1, "S12_016": null, "S12_017": 585, "S12_018": 1, "S12_019": 1, "S12_020": null, "S12_021": 589, "S12_022": 1, "S12_023": 1, "S12_024": null, "S12_025": 499, "S12_026": 1, "S12_027": 1, "S12_028": null, "S12_029": 508, "S12_030": 1, "S12_031": 1, "S12_032": null, "S12_033": 473, "S12_034": 1, "S12_035": 1, "S12_036": null, "S12_037": 453, "S12_038": 1, "S12_039": 1, "S12_040": null, "S12_041": 430, "S12_042": 1, "S12_043": 2, "S12_044": null, "S12_045": 0, "S12_046": 1, "S12_047": 2, "S12_048": null, "S12_049": 0, "乗客数増減_10年間": -616 }, "geometry": { "type": "MultiLineString", "coordinates": [ [ [ 138.61439, 37.13223 ], [ 138.61354, 37.13216 ] ] ] } },
{ "type": "Feature", "properties": { "fid": 221, "S12_001": "虫川大杉", "S12_001c": "001611", "S12_001g": "001611", "S12_002": "北越急行", "S12_003": "ほくほく線", "S12_004": 12, "S12_005": 5, "S12_006": 1, "S12_007": 1, "S12_008": null, "S12_009": 213, "S12_010": 1, "S12_011": 1, "S12_012": null, "S12_013": 215, "S12_014": 1, "S12_015": 1, "S12_016": null, "S12_017": 209, "S12_018": 1, "S12_019": 1, "S12_020": null, "S12_021": 231, "S12_022": 1, "S12_023": 1, "S12_024": null, "S12_025": 209, "S12_026": 1, "S12_027": 1, "S12_028": null, "S12_029": 235, "S12_030": 1, "S12_031": 1, "S12_032": null, "S12_033": 254, "S12_034": 1, "S12_035": 1, "S12_036": null, "S12_037": 195, "S12_038": 1, "S12_039": 1, "S12_040": null, "S12_041": 165, "S12_042": 1, "S12_043": 2, "S12_044": null, "S12_045": 0, "S12_046": 1, "S12_047": 2, "S12_048": null, "S12_049": 0, "乗客数増減_10年間": -213 }, "geometry": { "type": "MultiLineString", "coordinates": [ [ [ 138.44104, 37.15494 ], [ 138.44186, 37.15486 ] ] ] } },
{ "type": "Feature", "properties": { "fid": 222, "S12_001": "うらがわら", "S12_001c": "001608", "S12_001g": "001608", "S12_002": "北越急行", "S12_003": "ほくほく線", "S12_004": 12, "S12_005": 5, "S12_006": 1, "S12_007": 1, "S12_008": null, "S12_009": 232, "S12_010": 1, "S12_011": 1, "S12_012": null, "S12_013": 228, "S12_014": 1, "S12_015": 1, "S12_016": null, "S12_017": 176, "S12_018": 1, "S12_019": 1, "S12_020": null, "S12_021": 176, "S12_022": 1, "S12_023": 1, "S12_024": null, "S12_025": 178, "S12_026": 1, "S12_027": 1, "S12_028": null, "S12_029": 181, "S12_030": 1, "S12_031": 1, "S12_032": null, "S12_033": 188, "S12_034": 1, "S12_035": 1, "S12_036": null, "S12_037": 178, "S12_038": 1, "S12_039": 1, "S12_040": null, "S12_041": 168, "S12_042": 1, "S12_043": 2, "S12_044": null, "S12_045": 0, "S12_046": 1, "S12_047": 2, "S12_048": null, "S12_049": 0, "乗客数増減_10年間": -232 }, "geometry": { "type": "MultiLineString", "coordinates": [ [ [ 138.41937, 37.15914 ], [ 138.41863, 37.15946 ] ] ] } },
{ "type": "Feature", "properties": { "fid": 223, "S12_001": "犀潟", "S12_001c": "001584", "S12_001g": "001583", "S12_002": "北越急行", "S12_003": "ほくほく線", "S12_004": 12, "S12_005": 5, "S12_006": 2, "S12_007": 1, "S12_008": null, "S12_009": 0, "S12_010": 2, "S12_011": 1, "S12_012": null, "S12_013": 0, "S12_014": 2, "S12_015": 1, "S12_016": null, "S12_017": 0, "S12_018": 2, "S12_019": 1, "S12_020": null, "S12_021": 0, "S12_022": 2, "S12_023": 1, "S12_024": null, "S12_025": 0, "S12_026": 2, "S12_027": 1, "S12_028": null, "S12_029": 0, "S12_030": 2, "S12_031": 2, "S12_032": null, "S12_033": 0, "S12_034": 2, "S12_035": 2, "S12_036": null, "S12_037": 0, "S12_038": 1, "S12_039": 1, "S12_040": null, "S12_041": 0, "S12_042": 1, "S12_043": 1, "S12_044": null, "S12_045": 0, "S12_046": 1, "S12_047": 1, "S12_048": null, "S12_049": 0, "乗客数増減_10年間": 0 }, "geometry": { "type": "MultiLineString", "coordinates": [ [ [ 138.30433, 37.2097 ], [ 138.30559, 37.2105 ] ] ] } },
{ "type": "Feature", "properties": { "fid": 224, "S12_001": "妙高高原", "S12_001c": "001746", "S12_001g": "001746", "S12_002": "しなの鉄道", "S12_003": "北しなの線", "S12_004": 12, "S12_005": 5, "S12_006": 3, "S12_007": 4, "S12_008": null, "S12_009": 0, "S12_010": 3, "S12_011": 4, "S12_012": null, "S12_013": 0, "S12_014": 3, "S12_015": 4, "S12_016": null, "S12_017": 0, "S12_018": 2, "S12_019": 1, "S12_020": "事業社名変更、新規", "S12_021": 0, "S12_022": 2, "S12_023": 1, "S12_024": null, "S12_025": 0, "S12_026": 2, "S12_027": 1, "S12_028": null, "S12_029": 0, "S12_030": 2, "S12_031": 1, "S12_032": null, "S12_033": 0, "S12_034": 2, "S12_035": 1, "S12_036": null, "S12_037": 0, "S12_038": 1, "S12_039": 1, "S12_040": null, "S12_041": 0, "S12_042": 1, "S12_043": 1, "S12_044": null, "S12_045": 0, "S12_046": 1, "S12_047": 1, "S12_048": null, "S12_049": 0, "乗客数増減_10年間": 0 }, "geometry": { "type": "MultiLineString", "coordinates": [ [ [ 138.21175, 36.87156 ], [ 138.21262, 36.87305 ] ] ] } },
{ "type": "Feature", "properties": { "fid": 225, "S12_001": "直江津", "S12_001c": "001601", "S12_001g": "001600", "S12_002": "えちごトキめき鉄道", "S12_003": "日本海ひすいライン", "S12_004": 12, "S12_005": 5, "S12_006": 3, "S12_007": 4, "S12_008": null, "S12_009": 0, "S12_010": 3, "S12_011": 4, "S12_012": null, "S12_013": 0, "S12_014": 3, "S12_015": 4, "S12_016": null, "S12_017": 0, "S12_018": 2, "S12_019": 1, "S12_020": "事業社名変更、新規", "S12_021": 0, "S12_022": 2, "S12_023": 1, "S12_024": null, "S12_025": 0, "S12_026": 2, "S12_027": 1, "S12_028": null, "S12_029": 0, "S12_030": 2, "S12_031": 1, "S12_032": null, "S12_033": 0, "S12_034": 2, "S12_035": 1, "S12_036": null, "S12_037": 0, "S12_038": 2, "S12_039": 1, "S12_040": null, "S12_041": 0, "S12_042": 2, "S12_043": 1, "S12_044": null, "S12_045": 0, "S12_046": 2, "S12_047": 1, "S12_048": null, "S12_049": 0, "乗客数増減_10年間": 0 }, "geometry": { "type": "MultiLineString", "coordinates": [ [ [ 138.2436, 37.17106 ], [ 138.24239, 37.17035 ], [ 138.24128, 37.1697 ], [ 138.24087, 37.16945 ] ] ] } },
{ "type": "Feature", "properties": { "fid": 226, "S12_001": "市振", "S12_001c": "001698", "S12_001g": "001698", "S12_002": "あいの風とやま鉄道", "S12_003": "あいの風とやま鉄道線", "S12_004": 12, "S12_005": 5, "S12_006": 3, "S12_007": 4, "S12_008": null, "S12_009": 0, "S12_010": 3, "S12_011": 4, "S12_012": null, "S12_013": 0, "S12_014": 3, "S12_015": 4, "S12_016": null, "S12_017": 0, "S12_018": 2, "S12_019": 1, "S12_020": "事業社名変更、新規", "S12_021": 0, "S12_022": 2, "S12_023": 1, "S12_024": null, "S12_025": 0, "S12_026": 2, "S12_027": 1, "S12_028": null, "S12_029": 0, "S12_030": 2, "S12_031": 1, "S12_032": null, "S12_033": 0, "S12_034": 2, "S12_035": 1, "S12_036": null, "S12_037": 0, "S12_038": 1, "S12_039": 1, "S12_040": null, "S12_041": 0, "S12_042": 1, "S12_043": 1, "S12_044": null, "S12_045": 0, "S12_046": 1, "S12_047": 1, "S12_048": null, "S12_049": 0, "乗客数増減_10年間": 0 }, "geometry": { "type": "MultiLineString", "coordinates": [ [ [ 137.64893, 36.98035 ], [ 137.65204, 36.98054 ] ] ] } },
{ "type": "Feature", "properties": { "fid": 227, "S12_001": "上越妙高", "S12_001c": "001644", "S12_001g": "001643", "S12_002": "東日本旅客鉄道", "S12_003": "北陸新幹線", "S12_004": 11, "S12_005": 1, "S12_006": 3, "S12_007": 4, "S12_008": null, "S12_009": 0, "S12_010": 3, "S12_011": 4, "S12_012": null, "S12_013": 0, "S12_014": 3, "S12_015": 4, "S12_016": null, "S12_017": 0, "S12_018": 1, "S12_019": 1, "S12_020": "新規", "S12_021": 1900, "S12_022": 1, "S12_023": 1, "S12_024": null, "S12_025": 5858, "S12_026": 1, "S12_027": 1, "S12_028": null, "S12_029": 4036, "S12_030": 1, "S12_031": 1, "S12_032": null, "S12_033": 4074, "S12_034": 1, "S12_035": 1, "S12_036": null, "S12_037": 4418, "S12_038": 1, "S12_039": 1, "S12_040": null, "S12_041": 4476, "S12_042": 1, "S12_043": 1, "S12_044": null, "S12_045": 1546, "S12_046": 1, "S12_047": 1, "S12_048": null, "S12_049": 1990, "乗客数増減_10年間": 1990 }, "geometry": { "type": "MultiLineString", "coordinates": [ [ [ 138.24960275, 37.08026308 ], [ 138.24733988, 37.08247122 ] ] ] } },
{ "type": "Feature", "properties": { "fid": 228, "S12_001": "上越妙高", "S12_001c": "001643", "S12_001g": "001643", "S12_002": "西日本旅客鉄道", "S12_003": "北陸新幹線", "S12_004": 11, "S12_005": 1, "S12_006": 3, "S12_007": 4, "S12_008": null, "S12_009": 0, "S12_010": 3, "S12_011": 4, "S12_012": null, "S12_013": 0, "S12_014": 3, "S12_015": 4, "S12_016": null, "S12_017": 0, "S12_018": 2, "S12_019": 1, "S12_020": "新線開業、新規", "S12_021": 0, "S12_022": 2, "S12_023": 1, "S12_024": null, "S12_025": 0, "S12_026": 2, "S12_027": 1, "S12_028": null, "S12_029": 0, "S12_030": 2, "S12_031": 1, "S12_032": null, "S12_033": 0, "S12_034": 2, "S12_035": 1, "S12_036": null, "S12_037": 0, "S12_038": 1, "S12_039": 1, "S12_040": null, "S12_041": 0, "S12_042": 1, "S12_043": 1, "S12_044": null, "S12_045": 0, "S12_046": 1, "S12_047": 1, "S12_048": null, "S12_049": 0, "乗客数増減_10年間": 0 }, "geometry": { "type": "MultiLineString", "coordinates": [ [ [ 138.24960275, 37.08026308 ], [ 138.24733988, 37.08247122 ] ] ] } },
{ "type": "Feature", "properties": { "fid": 229, "S12_001": "糸魚川", "S12_001c": "001668", "S12_001g": "001666", "S12_002": "西日本旅客鉄道", "S12_003": "北陸新幹線", "S12_004": 11, "S12_005": 1, "S12_006": 3, "S12_007": 4, "S12_008": null, "S12_009": 0, "S12_010": 3, "S12_011": 4, "S12_012": null, "S12_013": 0, "S12_014": 3, "S12_015": 4, "S12_016": null, "S12_017": 0, "S12_018": 1, "S12_019": 1, "S12_020": "新線開業、新規", "S12_021": 1646, "S12_022": 1, "S12_023": 1, "S12_024": null, "S12_025": 964, "S12_026": 1, "S12_027": 1, "S12_028": null, "S12_029": 996, "S12_030": 1, "S12_031": 1, "S12_032": null, "S12_033": 1071, "S12_034": 1, "S12_035": 1, "S12_036": null, "S12_037": 1114, "S12_038": 1, "S12_039": 1, "S12_040": null, "S12_041": 1102, "S12_042": 1, "S12_043": 1, "S12_044": null, "S12_045": 592, "S12_046": 1, "S12_047": 1, "S12_048": null, "S12_049": 646, "乗客数増減_10年間": 646 }, "geometry": { "type": "MultiLineString", "coordinates": [ [ [ 137.86292785, 37.04357131 ], [ 137.85965847, 37.0426576 ] ] ] } },
{ "type": "Feature", "properties": { "fid": 230, "S12_001": "えちご押上ひすい海岸", "S12_001c": "001663", "S12_001g": "001663", "S12_002": "えちごトキめき鉄道", "S12_003": "日本海ひすいライン", "S12_004": 12, "S12_005": 5, "S12_006": 3, "S12_007": 4, "S12_008": null, "S12_009": 0, "S12_010": 3, "S12_011": 4, "S12_012": null, "S12_013": 0, "S12_014": 3, "S12_015": 4, "S12_016": null, "S12_017": 0, "S12_018": 3, "S12_019": 4, "S12_020": null, "S12_021": 0, "S12_022": 3, "S12_023": 4, "S12_024": null, "S12_025": 0, "S12_026": 3, "S12_027": 4, "S12_028": null, "S12_029": 0, "S12_030": 3, "S12_031": 4, "S12_032": null, "S12_033": 0, "S12_034": 3, "S12_035": 4, "S12_036": null, "S12_037": 0, "S12_038": 3, "S12_039": 4, "S12_040": null, "S12_041": 0, "S12_042": 1, "S12_043": 1, "S12_044": "新駅設置", "S12_045": 128, "S12_046": 1, "S12_047": 1, "S12_048": null, "S12_049": 71, "乗客数増減_10年間": 71 }, "geometry": { "type": "MultiLineString", "coordinates": [ [ [ 137.877456649590044, 37.047977908808889 ], [ 137.879352317789312, 37.048509253645648 ] ] ] } },
{ "type": "Feature", "properties": { "fid": 231, "S12_001": "柿ノ木", "S12_001c": null, "S12_001g": null, "S12_002": "東日本旅客鉄道", "S12_003": "只見線", "S12_004": 11, "S12_005": 2, "S12_006": 1, "S12_007": 3, "S12_008": null, "S12_009": 0, "S12_010": 1, "S12_011": 3, "S12_012": null, "S12_013": 0, "S12_014": 1, "S12_015": 3, "S12_016": null, "S12_017": 0, "S12_018": 3, "S12_019": 4, "S12_020": "廃止", "S12_021": 0, "S12_022": 3, "S12_023": 4, "S12_024": null, "S12_025": 0, "S12_026": 3, "S12_027": 4, "S12_028": null, "S12_029": 0, "S12_030": 3, "S12_031": 4, "S12_032": null, "S12_033": 0, "S12_034": 3, "S12_035": 4, "S12_036": null, "S12_037": 0, "S12_038": 3, "S12_039": 4, "S12_040": null, "S12_041": 0, "S12_042": 3, "S12_043": 4, "S12_044": null, "S12_045": 0, "S12_046": 3, "S12_047": 4, "S12_048": null, "S12_049": 0, "乗客数増減_10年間": 0 }, "geometry": { "type": "MultiLineString", "coordinates": [ [ [ 139.09015, 37.34044 ], [ 139.08959, 37.34094 ] ] ] } }
]
}
